"filename","url","checksum_type","checksum","source_id","experiment_id","member_id","variable_id","table_id","grid_label"
"siconc_SImon_CNRM-ESM2-1_historical_r1i1p1f2_gn_185001-201412.nc","https://esgf.nci.org.au/thredds/fileServer/esgcet/replica/CMIP6/CMIP/CNRM-CERFACS/CNRM-ESM2-1/historical/r1i1p1f2/SImon/siconc/gn/v20181206/siconc_SImon_CNRM-ESM2-1_historical_r1i1p1f2_gn_185001-201412.nc","SHA256","3f8efd743091909b7a813062922d55fa8152925d675a07473837837dc5374a41","CNRM-ESM2-1","historical","r1i1p1f2","siconc","SImon","gn"
"siconc_SImon_CNRM-ESM2-1_ssp126_r1i1p1f2_gn_201501-210012.nc","https://esgf.nci.org.au/thredds/fileServer/esgcet/replica/CMIP6/ScenarioMIP/CNRM-CERFACS/CNRM-ESM2-1/ssp126/r1i1p1f2/SImon/siconc/gn/v20190328/siconc_SImon_CNRM-ESM2-1_ssp126_r1i1p1f2_gn_201501-210012.nc","SHA256","4e82bb9eb92de405becbc7dbb96645a687f534aaeab3bf34d1152428d91c2de8","CNRM-ESM2-1","ssp126","r1i1p1f2","siconc","SImon","gn"
"siconc_SImon_CNRM-ESM2-1_ssp245_r1i1p1f2_gn_201501-210012.nc","https://esgf.nci.org.au/thredds/fileServer/esgcet/replica/CMIP6/ScenarioMIP/CNRM-CERFACS/CNRM-ESM2-1/ssp245/r1i1p1f2/SImon/siconc/gn/v20190328/siconc_SImon_CNRM-ESM2-1_ssp245_r1i1p1f2_gn_201501-210012.nc","SHA256","7dcc64abc180e7dccf22666bdf62f6262a2db369285e824ea469f9fb0c77adb1","CNRM-ESM2-1","ssp245","r1i1p1f2","siconc","SImon","gn"
"siconc_SImon_CNRM-ESM2-1_ssp585_r1i1p1f2_gn_201501-210012.nc","https://esgf.nci.org.au/thredds/fileServer/esgcet/replica/CMIP6/ScenarioMIP/CNRM-CERFACS/CNRM-ESM2-1/ssp585/r1i1p1f2/SImon/siconc/gn/v20191021/siconc_SImon_CNRM-ESM2-1_ssp585_r1i1p1f2_gn_201501-210012.nc","SHA256","db226ee2e5f439d5bfda898693dc271110c2b6cd600f3d23a0aaa0ecec185ce6","CNRM-ESM2-1","ssp585","r1i1p1f2","siconc","SImon","gn"
"siconc_SImon_IPSL-CM6A-LR_historical_r1i1p1f1_gn_185001-201412.nc","https://esgf.nci.org.au/thredds/fileServer/esgcet/replica/CMIP6/CMIP/IPSL/IPSL-CM6A-LR/historical/r1i1p1f1/SImon/siconc/gn/v20180803/siconc_SImon_IPSL-CM6A-LR_historical_r1i1p1f1_gn_185001-201412.nc","SHA256","009f3ddac3efbe31cbe505addd2942b1516f0adebd010cdc9b0f96a47f92f512","IPSL-CM6A-LR","historical","r1i1p1f1","siconc","SImon","gn"
"siconc_SImon_IPSL-CM6A-LR_ssp126_r1i1p1f1_gn_201501-210012.nc","https://esgf.nci.org.au/thredds/fileServer/esgcet/replica/CMIP6/ScenarioMIP/IPSL/IPSL-CM6A-LR/ssp126/r1i1p1f1/SImon/siconc/gn/v20190903/siconc_SImon_IPSL-CM6A-LR_ssp126_r1i1p1f1_gn_201501-210012.nc","SHA256","28b1dec563aa6f69b93cbb326e057dbe1ce9f082793e148e0522e560d563b190","IPSL-CM6A-LR","ssp126","r1i1p1f1","siconc","SImon","gn"
"siconc_SImon_IPSL-CM6A-LR_ssp126_r1i1p1f1_gn_210101-230012.nc","https://esgf.nci.org.au/thredds/fileServer/esgcet/replica/CMIP6/ScenarioMIP/IPSL/IPSL-CM6A-LR/ssp126/r1i1p1f1/SImon/siconc/gn/v20190903/siconc_SImon_IPSL-CM6A-LR_ssp126_r1i1p1f1_gn_210101-230012.nc","SHA256","023841a598142eaead0ea45f32cd69e3514a057d4402f28b7e6f8100abcc98f3","IPSL-CM6A-LR","ssp126","r1i1p1f1","siconc","SImon","gn"
"siconc_SImon_IPSL-CM6A-LR_ssp245_r1i1p1f1_gn_201501-210012.nc","https://esgf.nci.org.au/thredds/fileServer/esgcet/replica/CMIP6/ScenarioMIP/IPSL/IPSL-CM6A-LR/ssp245/r1i1p1f1/SImon/siconc/gn/v20190119/siconc_SImon_IPSL-CM6A-LR_ssp245_r1i1p1f1_gn_201501-210012.nc","SHA256","65b6e690b9561c7b34140a6d47420bf7f3a82d8c8b94479d8fc4abeb12524474","IPSL-CM6A-LR","ssp245","r1i1p1f1","siconc","SImon","gn"
"siconc_SImon_IPSL-CM6A-LR_ssp585_r1i1p1f1_gn_201501-210012.nc","https://esgf.nci.org.au/thredds/fileServer/esgcet/replica/CMIP6/ScenarioMIP/IPSL/IPSL-CM6A-LR/ssp585/r1i1p1f1/SImon/siconc/gn/v20190903/siconc_SImon_IPSL-CM6A-LR_ssp585_r1i1p1f1_gn_201501-210012.nc","SHA256","0eabf9e753add8e8e57b0bda347c117d920ef864a215d6d8afb079db9f9c8d2b","IPSL-CM6A-LR","ssp585","r1i1p1f1","siconc","SImon","gn"
"siconc_SImon_IPSL-CM6A-LR_ssp585_r1i1p1f1_gn_210101-230012.nc","https://esgf.nci.org.au/thredds/fileServer/esgcet/replica/CMIP6/ScenarioMIP/IPSL/IPSL-CM6A-LR/ssp585/r1i1p1f1/SImon/siconc/gn/v20190903/siconc_SImon_IPSL-CM6A-LR_ssp585_r1i1p1f1_gn_210101-230012.nc","SHA256","7f7ef9b36f913ef30327f7f0122e191bf76dbf604d664ab49489b2db0a3df93a","IPSL-CM6A-LR","ssp585","r1i1p1f1","siconc","SImon","gn"
"siconc_SImon_MPI-ESM1-2-HR_historical_r1i1p1f1_gn_185001-185412.nc","https://esgf.nci.org.au/thredds/fileServer/esgcet/replica/CMIP6/CMIP/MPI-M/MPI-ESM1-2-HR/historical/r1i1p1f1/SImon/siconc/gn/v20190710/siconc_SImon_MPI-ESM1-2-HR_historical_r1i1p1f1_gn_185001-185412.nc","SHA256","62cdc8cea23892cb5a47dd96ea026de9706c18a572091209bc39db3fa6db1c62","MPI-ESM1-2-HR","historical","r1i1p1f1","siconc","SImon","gn"
"siconc_SImon_MPI-ESM1-2-HR_historical_r1i1p1f1_gn_185501-185912.nc","https://esgf.nci.org.au/thredds/fileServer/esgcet/replica/CMIP6/CMIP/MPI-M/MPI-ESM1-2-HR/historical/r1i1p1f1/SImon/siconc/gn/v20190710/siconc_SImon_MPI-ESM1-2-HR_historical_r1i1p1f1_gn_185501-185912.nc","SHA256","0b560d2800e620f596c64609df35d37bd3253962589954d335dd50d28b0859a6","MPI-ESM1-2-HR","historical","r1i1p1f1","siconc","SImon","gn"
"siconc_SImon_MPI-ESM1-2-HR_historical_r1i1p1f1_gn_186001-186412.nc","https://esgf.nci.org.au/thredds/fileServer/esgcet/replica/CMIP6/CMIP/MPI-M/MPI-ESM1-2-HR/historical/r1i1p1f1/SImon/siconc/gn/v20190710/siconc_SImon_MPI-ESM1-2-HR_historical_r1i1p1f1_gn_186001-186412.nc","SHA256","771600eff4fe241bb89b73d119a454e186725f8fb2cad923d1911047ef0fa7e3","MPI-ESM1-2-HR","historical","r1i1p1f1","siconc","SImon","gn"
"siconc_SImon_MPI-ESM1-2-HR_historical_r1i1p1f1_gn_186501-186912.nc","https://esgf.nci.org.au/thredds/fileServer/esgcet/replica/CMIP6/CMIP/MPI-M/MPI-ESM1-2-HR/historical/r1i1p1f1/SImon/siconc/gn/v20190710/siconc_SImon_MPI-ESM1-2-HR_historical_r1i1p1f1_gn_186501-186912.nc","SHA256","4f7f8282d07718d6c3e2eb447e407bb7cbf82dbc507fb9ff4cc0e0a0a9a28ee6","MPI-ESM1-2-HR","historical","r1i1p1f1","siconc","SImon","gn"
"siconc_SImon_MPI-ESM1-2-HR_historical_r1i1p1f1_gn_187001-187412.nc","https://esgf.nci.org.au/thredds/fileServer/esgcet/replica/CMIP6/CMIP/MPI-M/MPI-ESM1-2-HR/historical/r1i1p1f1/SImon/siconc/gn/v20190710/siconc_SImon_MPI-ESM1-2-HR_historical_r1i1p1f1_gn_187001-187412.nc","SHA256","aee30c29b931193feb10343796ddaee949d8edf4e878e4688fcad10494dc1aba","MPI-ESM1-2-HR","historical","r1i1p1f1","siconc","SImon","gn"
"siconc_SImon_MPI-ESM1-2-HR_historical_r1i1p1f1_gn_187501-187912.nc","https://esgf.nci.org.au/thredds/fileServer/esgcet/replica/CMIP6/CMIP/MPI-M/MPI-ESM1-2-HR/historical/r1i1p1f1/SImon/siconc/gn/v20190710/siconc_SImon_MPI-ESM1-2-HR_historical_r1i1p1f1_gn_187501-187912.nc","SHA256","98cffe2e34ed2651d9fa620aee80f200f58933b2569e01fa62299347b3c94514","MPI-ESM1-2-HR","historical","r1i1p1f1","siconc","SImon","gn"
"siconc_SImon_MPI-ESM1-2-HR_historical_r1i1p1f1_gn_188001-188412.nc","https://esgf.nci.org.au/thredds/fileServer/esgcet/replica/CMIP6/CMIP/MPI-M/MPI-ESM1-2-HR/historical/r1i1p1f1/SImon/siconc/gn/v20190710/siconc_SImon_MPI-ESM1-2-HR_historical_r1i1p1f1_gn_188001-188412.nc","SHA256","624e1ff6869f6027a21a12a0c5c7d75ff9b057da3829916f5d9ab4c8245d2860","MPI-ESM1-2-HR","historical","r1i1p1f1","siconc","SImon","gn"
"siconc_SImon_MPI-ESM1-2-HR_historical_r1i1p1f1_gn_188501-188912.nc","https://esgf.nci.org.au/thredds/fileServer/esgcet/replica/CMIP6/CMIP/MPI-M/MPI-ESM1-2-HR/historical/r1i1p1f1/SImon/siconc/gn/v20190710/siconc_SImon_MPI-ESM1-2-HR_historical_r1i1p1f1_gn_188501-188912.nc","SHA256","c56c4140562562b7d47ee0239c48b7c0f66a5121e1d686ceb0a04896a12cf83f","MPI-ESM1-2-HR","historical","r1i1p1f1","siconc","SImon","gn"
"siconc_SImon_MPI-ESM1-2-HR_historical_r1i1p1f1_gn_189001-189412.nc","https://esgf.nci.org.au/thredds/fileServer/esgcet/replica/CMIP6/CMIP/MPI-M/MPI-ESM1-2-HR/historical/r1i1p1f1/SImon/siconc/gn/v20190710/siconc_SImon_MPI-ESM1-2-HR_historical_r1i1p1f1_gn_189001-189412.nc","SHA256","41a05d72a416a2738dde2b140085090134badb45cc706ea639fde91519416675","MPI-ESM1-2-HR","historical","r1i1p1f1","siconc","SImon","gn"
"siconc_SImon_MPI-ESM1-2-HR_historical_r1i1p1f1_gn_189501-189912.nc","https://esgf.nci.org.au/thredds/fileServer/esgcet/replica/CMIP6/CMIP/MPI-M/MPI-ESM1-2-HR/historical/r1i1p1f1/SImon/siconc/gn/v20190710/siconc_SImon_MPI-ESM1-2-HR_historical_r1i1p1f1_gn_189501-189912.nc","SHA256","7ae25afb7ff1c90863a6a29e1e6a5f3e968a62641f6add46a13eb98f1eb2fa7d","MPI-ESM1-2-HR","historical","r1i1p1f1","siconc","SImon","gn"
"siconc_SImon_MPI-ESM1-2-HR_historical_r1i1p1f1_gn_190001-190412.nc","https://esgf.nci.org.au/thredds/fileServer/esgcet/replica/CMIP6/CMIP/MPI-M/MPI-ESM1-2-HR/historical/r1i1p1f1/SImon/siconc/gn/v20190710/siconc_SImon_MPI-ESM1-2-HR_historical_r1i1p1f1_gn_190001-190412.nc","SHA256","d190334f7649df463398596b9d3c5a60b1facd98cbec667910c375e3791c66ae","MPI-ESM1-2-HR","historical","r1i1p1f1","siconc","SImon","gn"
"siconc_SImon_MPI-ESM1-2-HR_historical_r1i1p1f1_gn_190501-190912.nc","https://esgf.nci.org.au/thredds/fileServer/esgcet/replica/CMIP6/CMIP/MPI-M/MPI-ESM1-2-HR/historical/r1i1p1f1/SImon/siconc/gn/v20190710/siconc_SImon_MPI-ESM1-2-HR_historical_r1i1p1f1_gn_190501-190912.nc","SHA256","a2b8e57dce20be08bed95ff069696512ff5b34162c1ffee982df38c0153af823","MPI-ESM1-2-HR","historical","r1i1p1f1","siconc","SImon","gn"
"siconc_SImon_MPI-ESM1-2-HR_historical_r1i1p1f1_gn_191001-191412.nc","https://esgf.nci.org.au/thredds/fileServer/esgcet/replica/CMIP6/CMIP/MPI-M/MPI-ESM1-2-HR/historical/r1i1p1f1/SImon/siconc/gn/v20190710/siconc_SImon_MPI-ESM1-2-HR_historical_r1i1p1f1_gn_191001-191412.nc","SHA256","53253f45a393e920d0fb48bbd344396d4bc8d1469c54b95daec2accb465d508c","MPI-ESM1-2-HR","historical","r1i1p1f1","siconc","SImon","gn"
"siconc_SImon_MPI-ESM1-2-HR_historical_r1i1p1f1_gn_191501-191912.nc","https://esgf.nci.org.au/thredds/fileServer/esgcet/replica/CMIP6/CMIP/MPI-M/MPI-ESM1-2-HR/historical/r1i1p1f1/SImon/siconc/gn/v20190710/siconc_SImon_MPI-ESM1-2-HR_historical_r1i1p1f1_gn_191501-191912.nc","SHA256","4ff2026b7b871325826f386d79886d2156a509c03b3b75f3cce8d944bdbefc01","MPI-ESM1-2-HR","historical","r1i1p1f1","siconc","SImon","gn"
"siconc_SImon_MPI-ESM1-2-HR_historical_r1i1p1f1_gn_192001-192412.nc","https://esgf.nci.org.au/thredds/fileServer/esgcet/replica/CMIP6/CMIP/MPI-M/MPI-ESM1-2-HR/historical/r1i1p1f1/SImon/siconc/gn/v20190710/siconc_SImon_MPI-ESM1-2-HR_historical_r1i1p1f1_gn_192001-192412.nc","SHA256","d9a1798adc7edcf0b3eeb163b1418f1f81c36736c5908c409946f9fa205482c2","MPI-ESM1-2-HR","historical","r1i1p1f1","siconc","SImon","gn"
"siconc_SImon_MPI-ESM1-2-HR_historical_r1i1p1f1_gn_192501-192912.nc","https://esgf.nci.org.au/thredds/fileServer/esgcet/replica/CMIP6/CMIP/MPI-M/MPI-ESM1-2-HR/historical/r1i1p1f1/SImon/siconc/gn/v20190710/siconc_SImon_MPI-ESM1-2-HR_historical_r1i1p1f1_gn_192501-192912.nc","SHA256","97ae0d361f3e5dd5ae3ee401603f0407dccfe59e0745658ddc32475e17e711eb","MPI-ESM1-2-HR","historical","r1i1p1f1","siconc","SImon","gn"
"siconc_SImon_MPI-ESM1-2-HR_historical_r1i1p1f1_gn_193001-193412.nc","https://esgf.nci.org.au/thredds/fileServer/esgcet/replica/CMIP6/CMIP/MPI-M/MPI-ESM1-2-HR/historical/r1i1p1f1/SImon/siconc/gn/v20190710/siconc_SImon_MPI-ESM1-2-HR_historical_r1i1p1f1_gn_193001-193412.nc","SHA256","3af0cf5abce6a33e7985f7e3f02112c83b7a3c11b3494dbe34b4d15385b0be70","MPI-ESM1-2-HR","historical","r1i1p1f1","siconc","SImon","gn"
"siconc_SImon_MPI-ESM1-2-HR_historical_r1i1p1f1_gn_193501-193912.nc","https://esgf.nci.org.au/thredds/fileServer/esgcet/replica/CMIP6/CMIP/MPI-M/MPI-ESM1-2-HR/historical/r1i1p1f1/SImon/siconc/gn/v20190710/siconc_SImon_MPI-ESM1-2-HR_historical_r1i1p1f1_gn_193501-193912.nc","SHA256","4d260f3f71750292b30f2761cb90f072d8b7be8b5e822c8539870da603388f16","MPI-ESM1-2-HR","historical","r1i1p1f1","siconc","SImon","gn"
"siconc_SImon_MPI-ESM1-2-HR_historical_r1i1p1f1_gn_194001-194412.nc","https://esgf.nci.org.au/thredds/fileServer/esgcet/replica/CMIP6/CMIP/MPI-M/MPI-ESM1-2-HR/historical/r1i1p1f1/SImon/siconc/gn/v20190710/siconc_SImon_MPI-ESM1-2-HR_historical_r1i1p1f1_gn_194001-194412.nc","SHA256","d5c2d291252a88a33d05fc98d3ef33a1810b718c18284dca1ce4a09687349211","MPI-ESM1-2-HR","historical","r1i1p1f1","siconc","SImon","gn"
"siconc_SImon_MPI-ESM1-2-HR_historical_r1i1p1f1_gn_194501-194912.nc","https://esgf.nci.org.au/thredds/fileServer/esgcet/replica/CMIP6/CMIP/MPI-M/MPI-ESM1-2-HR/historical/r1i1p1f1/SImon/siconc/gn/v20190710/siconc_SImon_MPI-ESM1-2-HR_historical_r1i1p1f1_gn_194501-194912.nc","SHA256","e3bf30e0debb5ed868e213249c928a264ed9fabde09e26ce13dcb8533fdd5c53","MPI-ESM1-2-HR","historical","r1i1p1f1","siconc","SImon","gn"
"siconc_SImon_MPI-ESM1-2-HR_historical_r1i1p1f1_gn_195001-195412.nc","https://esgf.nci.org.au/thredds/fileServer/esgcet/replica/CMIP6/CMIP/MPI-M/MPI-ESM1-2-HR/historical/r1i1p1f1/SImon/siconc/gn/v20190710/siconc_SImon_MPI-ESM1-2-HR_historical_r1i1p1f1_gn_195001-195412.nc","SHA256","459cd4a3d16706c5f6e3c71784808cb01138e1f4aa5f4756cc480280c0066a66","MPI-ESM1-2-HR","historical","r1i1p1f1","siconc","SImon","gn"
"siconc_SImon_MPI-ESM1-2-HR_historical_r1i1p1f1_gn_195501-195912.nc","https://esgf.nci.org.au/thredds/fileServer/esgcet/replica/CMIP6/CMIP/MPI-M/MPI-ESM1-2-HR/historical/r1i1p1f1/SImon/siconc/gn/v20190710/siconc_SImon_MPI-ESM1-2-HR_historical_r1i1p1f1_gn_195501-195912.nc","SHA256","5088219e4f277c0bb673c89e860e6f1bd6ccc49054e133ebb57bcc1b781124be","MPI-ESM1-2-HR","historical","r1i1p1f1","siconc","SImon","gn"
"siconc_SImon_MPI-ESM1-2-HR_historical_r1i1p1f1_gn_196001-196412.nc","https://esgf.nci.org.au/thredds/fileServer/esgcet/replica/CMIP6/CMIP/MPI-M/MPI-ESM1-2-HR/historical/r1i1p1f1/SImon/siconc/gn/v20190710/siconc_SImon_MPI-ESM1-2-HR_historical_r1i1p1f1_gn_196001-196412.nc","SHA256","3785f1af14b643f2a5395d553de78fd2069123e22ae1fc43966d255c5fcfc377","MPI-ESM1-2-HR","historical","r1i1p1f1","siconc","SImon","gn"
"siconc_SImon_MPI-ESM1-2-HR_historical_r1i1p1f1_gn_196501-196912.nc","https://esgf.nci.org.au/thredds/fileServer/esgcet/replica/CMIP6/CMIP/MPI-M/MPI-ESM1-2-HR/historical/r1i1p1f1/SImon/siconc/gn/v20190710/siconc_SImon_MPI-ESM1-2-HR_historical_r1i1p1f1_gn_196501-196912.nc","SHA256","6a8d6f2151461a726e158913ad911373faaa09ffcd1f35415ec071baeb3f47d9","MPI-ESM1-2-HR","historical","r1i1p1f1","siconc","SImon","gn"
"siconc_SImon_MPI-ESM1-2-HR_historical_r1i1p1f1_gn_197001-197412.nc","https://esgf.nci.org.au/thredds/fileServer/esgcet/replica/CMIP6/CMIP/MPI-M/MPI-ESM1-2-HR/historical/r1i1p1f1/SImon/siconc/gn/v20190710/siconc_SImon_MPI-ESM1-2-HR_historical_r1i1p1f1_gn_197001-197412.nc","SHA256","cf04cd673becd5bead297a816bbc07b68d11e3f1d8eda2e11ad9d0264e005c37","MPI-ESM1-2-HR","historical","r1i1p1f1","siconc","SImon","gn"
"siconc_SImon_MPI-ESM1-2-HR_historical_r1i1p1f1_gn_197501-197912.nc","https://esgf.nci.org.au/thredds/fileServer/esgcet/replica/CMIP6/CMIP/MPI-M/MPI-ESM1-2-HR/historical/r1i1p1f1/SImon/siconc/gn/v20190710/siconc_SImon_MPI-ESM1-2-HR_historical_r1i1p1f1_gn_197501-197912.nc","SHA256","d8003b4b451d450b6091db0e0384f50d2d5f1fb6a516bea4d83875d4f9553c59","MPI-ESM1-2-HR","historical","r1i1p1f1","siconc","SImon","gn"
"siconc_SImon_MPI-ESM1-2-HR_historical_r1i1p1f1_gn_198001-198412.nc","https://esgf.nci.org.au/thredds/fileServer/esgcet/replica/CMIP6/CMIP/MPI-M/MPI-ESM1-2-HR/historical/r1i1p1f1/SImon/siconc/gn/v20190710/siconc_SImon_MPI-ESM1-2-HR_historical_r1i1p1f1_gn_198001-198412.nc","SHA256","ecb8468d8629c72e0f667c270081dd685a3669e02f236826e57cf791442ff871","MPI-ESM1-2-HR","historical","r1i1p1f1","siconc","SImon","gn"
"siconc_SImon_MPI-ESM1-2-HR_historical_r1i1p1f1_gn_198501-198912.nc","https://esgf.nci.org.au/thredds/fileServer/esgcet/replica/CMIP6/CMIP/MPI-M/MPI-ESM1-2-HR/historical/r1i1p1f1/SImon/siconc/gn/v20190710/siconc_SImon_MPI-ESM1-2-HR_historical_r1i1p1f1_gn_198501-198912.nc","SHA256","149625585055c82875b2610e5f6742d3d0fe4452a6437332c50e99a9a5f9bf7a","MPI-ESM1-2-HR","historical","r1i1p1f1","siconc","SImon","gn"
"siconc_SImon_MPI-ESM1-2-HR_historical_r1i1p1f1_gn_199001-199412.nc","https://esgf.nci.org.au/thredds/fileServer/esgcet/replica/CMIP6/CMIP/MPI-M/MPI-ESM1-2-HR/historical/r1i1p1f1/SImon/siconc/gn/v20190710/siconc_SImon_MPI-ESM1-2-HR_historical_r1i1p1f1_gn_199001-199412.nc","SHA256","576369ef4bdada69f79c71ee3f738b38204757fd8b51d6888697ea64aee84a06","MPI-ESM1-2-HR","historical","r1i1p1f1","siconc","SImon","gn"
"siconc_SImon_MPI-ESM1-2-HR_historical_r1i1p1f1_gn_199501-199912.nc","https://esgf.nci.org.au/thredds/fileServer/esgcet/replica/CMIP6/CMIP/MPI-M/MPI-ESM1-2-HR/historical/r1i1p1f1/SImon/siconc/gn/v20190710/siconc_SImon_MPI-ESM1-2-HR_historical_r1i1p1f1_gn_199501-199912.nc","SHA256","6c160722071873ac8e4da9af86834d78cf7f1e4682d8282fa0f323b8bfc1e693","MPI-ESM1-2-HR","historical","r1i1p1f1","siconc","SImon","gn"
"siconc_SImon_MPI-ESM1-2-HR_historical_r1i1p1f1_gn_200001-200412.nc","https://esgf.nci.org.au/thredds/fileServer/esgcet/replica/CMIP6/CMIP/MPI-M/MPI-ESM1-2-HR/historical/r1i1p1f1/SImon/siconc/gn/v20190710/siconc_SImon_MPI-ESM1-2-HR_historical_r1i1p1f1_gn_200001-200412.nc","SHA256","e92401d95c0b2b4644e779256718252d976f1d7a1011fdf7a299ff41df693e51","MPI-ESM1-2-HR","historical","r1i1p1f1","siconc","SImon","gn"
"siconc_SImon_MPI-ESM1-2-HR_historical_r1i1p1f1_gn_200501-200912.nc","https://esgf.nci.org.au/thredds/fileServer/esgcet/replica/CMIP6/CMIP/MPI-M/MPI-ESM1-2-HR/historical/r1i1p1f1/SImon/siconc/gn/v20190710/siconc_SImon_MPI-ESM1-2-HR_historical_r1i1p1f1_gn_200501-200912.nc","SHA256","f7311d9726f6ad131d069ebc813f9fa274a40917067f4786cf3a427718ea4129","MPI-ESM1-2-HR","historical","r1i1p1f1","siconc","SImon","gn"
"siconc_SImon_MPI-ESM1-2-HR_historical_r1i1p1f1_gn_201001-201412.nc","https://esgf.nci.org.au/thredds/fileServer/esgcet/replica/CMIP6/CMIP/MPI-M/MPI-ESM1-2-HR/historical/r1i1p1f1/SImon/siconc/gn/v20190710/siconc_SImon_MPI-ESM1-2-HR_historical_r1i1p1f1_gn_201001-201412.nc","SHA256","41895e307d717fb6ec6ef16be3f3286a59fa2ca32d643eb2c21d60a76a86e8c5","MPI-ESM1-2-HR","historical","r1i1p1f1","siconc","SImon","gn"
"siconc_SImon_MPI-ESM1-2-HR_ssp126_r1i1p1f1_gn_201501-201912.nc","https://esgf.nci.org.au/thredds/fileServer/esgcet/replica/CMIP6/ScenarioMIP/DKRZ/MPI-ESM1-2-HR/ssp126/r1i1p1f1/SImon/siconc/gn/v20190710/siconc_SImon_MPI-ESM1-2-HR_ssp126_r1i1p1f1_gn_201501-201912.nc","SHA256","878f30092e12137b8b00458170fe98c1b7d74058b0c4879ef4bc23d3149c3f93","MPI-ESM1-2-HR","ssp126","r1i1p1f1","siconc","SImon","gn"
"siconc_SImon_MPI-ESM1-2-HR_ssp126_r1i1p1f1_gn_202001-202412.nc","https://esgf.nci.org.au/thredds/fileServer/esgcet/replica/CMIP6/ScenarioMIP/DKRZ/MPI-ESM1-2-HR/ssp126/r1i1p1f1/SImon/siconc/gn/v20190710/siconc_SImon_MPI-ESM1-2-HR_ssp126_r1i1p1f1_gn_202001-202412.nc","SHA256","a46f88499ec45aa3532450974f7ce6f9fc0e5ed2f7f61a1651143da1f7afb5da","MPI-ESM1-2-HR","ssp126","r1i1p1f1","siconc","SImon","gn"
"siconc_SImon_MPI-ESM1-2-HR_ssp126_r1i1p1f1_gn_202501-202912.nc","https://esgf.nci.org.au/thredds/fileServer/esgcet/replica/CMIP6/ScenarioMIP/DKRZ/MPI-ESM1-2-HR/ssp126/r1i1p1f1/SImon/siconc/gn/v20190710/siconc_SImon_MPI-ESM1-2-HR_ssp126_r1i1p1f1_gn_202501-202912.nc","SHA256","411797170c6ea4904a3bf51d9cc73073aadd4a422197d7e4d3525da207db2538","MPI-ESM1-2-HR","ssp126","r1i1p1f1","siconc","SImon","gn"
"siconc_SImon_MPI-ESM1-2-HR_ssp126_r1i1p1f1_gn_203001-203412.nc","https://esgf.nci.org.au/thredds/fileServer/esgcet/replica/CMIP6/ScenarioMIP/DKRZ/MPI-ESM1-2-HR/ssp126/r1i1p1f1/SImon/siconc/gn/v20190710/siconc_SImon_MPI-ESM1-2-HR_ssp126_r1i1p1f1_gn_203001-203412.nc","SHA256","9de6125bd9fac746e0e0f010be56ddecaa036a3bf314322ddababf4ece4adf89","MPI-ESM1-2-HR","ssp126","r1i1p1f1","siconc","SImon","gn"
"siconc_SImon_MPI-ESM1-2-HR_ssp126_r1i1p1f1_gn_203501-203912.nc","https://esgf.nci.org.au/thredds/fileServer/esgcet/replica/CMIP6/ScenarioMIP/DKRZ/MPI-ESM1-2-HR/ssp126/r1i1p1f1/SImon/siconc/gn/v20190710/siconc_SImon_MPI-ESM1-2-HR_ssp126_r1i1p1f1_gn_203501-203912.nc","SHA256","a28b0eb0bf2f41e32813b5bbf78acd4466899395c2d011cfd84d822e1be73e9c","MPI-ESM1-2-HR","ssp126","r1i1p1f1","siconc","SImon","gn"
"siconc_SImon_MPI-ESM1-2-HR_ssp126_r1i1p1f1_gn_204001-204412.nc","https://esgf.nci.org.au/thredds/fileServer/esgcet/replica/CMIP6/ScenarioMIP/DKRZ/MPI-ESM1-2-HR/ssp126/r1i1p1f1/SImon/siconc/gn/v20190710/siconc_SImon_MPI-ESM1-2-HR_ssp126_r1i1p1f1_gn_204001-204412.nc","SHA256","3efbbbf6ba96bfe86e939cc5b6e78a4c1b2ada1f76f75873574bfb89384d7a68","MPI-ESM1-2-HR","ssp126","r1i1p1f1","siconc","SImon","gn"
"siconc_SImon_MPI-ESM1-2-HR_ssp126_r1i1p1f1_gn_204501-204912.nc","https://esgf.nci.org.au/thredds/fileServer/esgcet/replica/CMIP6/ScenarioMIP/DKRZ/MPI-ESM1-2-HR/ssp126/r1i1p1f1/SImon/siconc/gn/v20190710/siconc_SImon_MPI-ESM1-2-HR_ssp126_r1i1p1f1_gn_204501-204912.nc","SHA256","c60593068f0a90c48cd8725129e0b3a3c7e5e2e4758eb29b0c098779bf6bdebb","MPI-ESM1-2-HR","ssp126","r1i1p1f1","siconc","SImon","gn"
"siconc_SImon_MPI-ESM1-2-HR_ssp126_r1i1p1f1_gn_205001-205412.nc","https://esgf.nci.org.au/thredds/fileServer/esgcet/replica/CMIP6/ScenarioMIP/DKRZ/MPI-ESM1-2-HR/ssp126/r1i1p1f1/SImon/siconc/gn/v20190710/siconc_SImon_MPI-ESM1-2-HR_ssp126_r1i1p1f1_gn_205001-205412.nc","SHA256","000de171c2485874e68fcdb89410aa43fe574caeb42ab314f1d89f869429f6d9","MPI-ESM1-2-HR","ssp126","r1i1p1f1","siconc","SImon","gn"
"siconc_SImon_MPI-ESM1-2-HR_ssp126_r1i1p1f1_gn_205501-205912.nc","https://esgf.nci.org.au/thredds/fileServer/esgcet/replica/CMIP6/ScenarioMIP/DKRZ/MPI-ESM1-2-HR/ssp126/r1i1p1f1/SImon/siconc/gn/v20190710/siconc_SImon_MPI-ESM1-2-HR_ssp126_r1i1p1f1_gn_205501-205912.nc","SHA256","578734201c853761f8dfd30c69d5cbc7488bdfe8f197d81acc7c79a069cbf296","MPI-ESM1-2-HR","ssp126","r1i1p1f1","siconc","SImon","gn"
"siconc_SImon_MPI-ESM1-2-HR_ssp126_r1i1p1f1_gn_206001-206412.nc","https://esgf.nci.org.au/thredds/fileServer/esgcet/replica/CMIP6/ScenarioMIP/DKRZ/MPI-ESM1-2-HR/ssp126/r1i1p1f1/SImon/siconc/gn/v20190710/siconc_SImon_MPI-ESM1-2-HR_ssp126_r1i1p1f1_gn_206001-206412.nc","SHA256","eae0c040c19aa208c8de42a1ff73c45659d813a409118e213be04b00343788e3","MPI-ESM1-2-HR","ssp126","r1i1p1f1","siconc","SImon","gn"
"siconc_SImon_MPI-ESM1-2-HR_ssp126_r1i1p1f1_gn_206501-206912.nc","https://esgf.nci.org.au/thredds/fileServer/esgcet/replica/CMIP6/ScenarioMIP/DKRZ/MPI-ESM1-2-HR/ssp126/r1i1p1f1/SImon/siconc/gn/v20190710/siconc_SImon_MPI-ESM1-2-HR_ssp126_r1i1p1f1_gn_206501-206912.nc","SHA256","c22122e88bcbcb8f1d17b1af29c338f437a6bb6d7c8c61206c38c9798de4a19d","MPI-ESM1-2-HR","ssp126","r1i1p1f1","siconc","SImon","gn"
"siconc_SImon_MPI-ESM1-2-HR_ssp126_r1i1p1f1_gn_207001-207412.nc","https://esgf.nci.org.au/thredds/fileServer/esgcet/replica/CMIP6/ScenarioMIP/DKRZ/MPI-ESM1-2-HR/ssp126/r1i1p1f1/SImon/siconc/gn/v20190710/siconc_SImon_MPI-ESM1-2-HR_ssp126_r1i1p1f1_gn_207001-207412.nc","SHA256","4d085b00fe8a8a6a1c100ebe1edab09d3b4e8c3b447d661dbd7599be32fa905e","MPI-ESM1-2-HR","ssp126","r1i1p1f1","siconc","SImon","gn"
"siconc_SImon_MPI-ESM1-2-HR_ssp126_r1i1p1f1_gn_207501-207912.nc","https://esgf.nci.org.au/thredds/fileServer/esgcet/replica/CMIP6/ScenarioMIP/DKRZ/MPI-ESM1-2-HR/ssp126/r1i1p1f1/SImon/siconc/gn/v20190710/siconc_SImon_MPI-ESM1-2-HR_ssp126_r1i1p1f1_gn_207501-207912.nc","SHA256","b99beea8c87b3b2d20159cffd387f4c312b90a14496c45f73b5df5101d93b603","MPI-ESM1-2-HR","ssp126","r1i1p1f1","siconc","SImon","gn"
"siconc_SImon_MPI-ESM1-2-HR_ssp126_r1i1p1f1_gn_208001-208412.nc","https://esgf.nci.org.au/thredds/fileServer/esgcet/replica/CMIP6/ScenarioMIP/DKRZ/MPI-ESM1-2-HR/ssp126/r1i1p1f1/SImon/siconc/gn/v20190710/siconc_SImon_MPI-ESM1-2-HR_ssp126_r1i1p1f1_gn_208001-208412.nc","SHA256","9b3fde106426cd150fb6d6c8de5678f4e997fc9465d6d8e9a701f2174aa3a7a2","MPI-ESM1-2-HR","ssp126","r1i1p1f1","siconc","SImon","gn"
"siconc_SImon_MPI-ESM1-2-HR_ssp126_r1i1p1f1_gn_208501-208912.nc","https://esgf.nci.org.au/thredds/fileServer/esgcet/replica/CMIP6/ScenarioMIP/DKRZ/MPI-ESM1-2-HR/ssp126/r1i1p1f1/SImon/siconc/gn/v20190710/siconc_SImon_MPI-ESM1-2-HR_ssp126_r1i1p1f1_gn_208501-208912.nc","SHA256","96fea582f4bc0b17309e9f96f1b8063dcb59c04241d6e74897b80cd0695a2746","MPI-ESM1-2-HR","ssp126","r1i1p1f1","siconc","SImon","gn"
"siconc_SImon_MPI-ESM1-2-HR_ssp126_r1i1p1f1_gn_209001-209412.nc","https://esgf.nci.org.au/thredds/fileServer/esgcet/replica/CMIP6/ScenarioMIP/DKRZ/MPI-ESM1-2-HR/ssp126/r1i1p1f1/SImon/siconc/gn/v20190710/siconc_SImon_MPI-ESM1-2-HR_ssp126_r1i1p1f1_gn_209001-209412.nc","SHA256","cb36524fa340d57e0a1c85f48cba15442eaa254f6b9255caf83d05d749cf9a4c","MPI-ESM1-2-HR","ssp126","r1i1p1f1","siconc","SImon","gn"
"siconc_SImon_MPI-ESM1-2-HR_ssp126_r1i1p1f1_gn_209501-209912.nc","https://esgf.nci.org.au/thredds/fileServer/esgcet/replica/CMIP6/ScenarioMIP/DKRZ/MPI-ESM1-2-HR/ssp126/r1i1p1f1/SImon/siconc/gn/v20190710/siconc_SImon_MPI-ESM1-2-HR_ssp126_r1i1p1f1_gn_209501-209912.nc","SHA256","91615e950bea09b9ce72dc335ac999910950e3666ced3d75f241406088437c4b","MPI-ESM1-2-HR","ssp126","r1i1p1f1","siconc","SImon","gn"
"siconc_SImon_MPI-ESM1-2-HR_ssp126_r1i1p1f1_gn_210001-210012.nc","https://esgf.nci.org.au/thredds/fileServer/esgcet/replica/CMIP6/ScenarioMIP/DKRZ/MPI-ESM1-2-HR/ssp126/r1i1p1f1/SImon/siconc/gn/v20190710/siconc_SImon_MPI-ESM1-2-HR_ssp126_r1i1p1f1_gn_210001-210012.nc","SHA256","b4ef06454168237e783a5b4466f2b7fe8a268234a0f54e22e89ca63e257ad70d","MPI-ESM1-2-HR","ssp126","r1i1p1f1","siconc","SImon","gn"
"siconc_SImon_MPI-ESM1-2-HR_ssp245_r1i1p1f1_gn_201501-201912.nc","https://esgf.nci.org.au/thredds/fileServer/esgcet/replica/CMIP6/ScenarioMIP/DKRZ/MPI-ESM1-2-HR/ssp245/r1i1p1f1/SImon/siconc/gn/v20190710/siconc_SImon_MPI-ESM1-2-HR_ssp245_r1i1p1f1_gn_201501-201912.nc","SHA256","74d9d71f8f8d39428370bc0c431ef3ba026c605b9a3acf3b495785cfc8d1aba1","MPI-ESM1-2-HR","ssp245","r1i1p1f1","siconc","SImon","gn"
"siconc_SImon_MPI-ESM1-2-HR_ssp245_r1i1p1f1_gn_202001-202412.nc","https://esgf.nci.org.au/thredds/fileServer/esgcet/replica/CMIP6/ScenarioMIP/DKRZ/MPI-ESM1-2-HR/ssp245/r1i1p1f1/SImon/siconc/gn/v20190710/siconc_SImon_MPI-ESM1-2-HR_ssp245_r1i1p1f1_gn_202001-202412.nc","SHA256","c062e3f15dd87149f01561bfe5ecc137071538f3a5c96efca5fe7486a5783491","MPI-ESM1-2-HR","ssp245","r1i1p1f1","siconc","SImon","gn"
"siconc_SImon_MPI-ESM1-2-HR_ssp245_r1i1p1f1_gn_202501-202912.nc","https://esgf.nci.org.au/thredds/fileServer/esgcet/replica/CMIP6/ScenarioMIP/DKRZ/MPI-ESM1-2-HR/ssp245/r1i1p1f1/SImon/siconc/gn/v20190710/siconc_SImon_MPI-ESM1-2-HR_ssp245_r1i1p1f1_gn_202501-202912.nc","SHA256","dd5851008b18887db6db98d1706c834d65b406b2ef50a0f8a030dfb39dc036bb","MPI-ESM1-2-HR","ssp245","r1i1p1f1","siconc","SImon","gn"
"siconc_SImon_MPI-ESM1-2-HR_ssp245_r1i1p1f1_gn_203001-203412.nc","https://esgf.nci.org.au/thredds/fileServer/esgcet/replica/CMIP6/ScenarioMIP/DKRZ/MPI-ESM1-2-HR/ssp245/r1i1p1f1/SImon/siconc/gn/v20190710/siconc_SImon_MPI-ESM1-2-HR_ssp245_r1i1p1f1_gn_203001-203412.nc","SHA256","9cb9fab9e967caf087b3f951f3d4e64f209e6d0e8a09f4a255e3585bea7c135e","MPI-ESM1-2-HR","ssp245","r1i1p1f1","siconc","SImon","gn"
"siconc_SImon_MPI-ESM1-2-HR_ssp245_r1i1p1f1_gn_203501-203912.nc","https://esgf.nci.org.au/thredds/fileServer/esgcet/replica/CMIP6/ScenarioMIP/DKRZ/MPI-ESM1-2-HR/ssp245/r1i1p1f1/SImon/siconc/gn/v20190710/siconc_SImon_MPI-ESM1-2-HR_ssp245_r1i1p1f1_gn_203501-203912.nc","SHA256","046d18ae6c51c7ef42c5de74711e8f7b35c5d92374227bd87acb28bb224dd839","MPI-ESM1-2-HR","ssp245","r1i1p1f1","siconc","SImon","gn"
"siconc_SImon_MPI-ESM1-2-HR_ssp245_r1i1p1f1_gn_204001-204412.nc","https://esgf.nci.org.au/thredds/fileServer/esgcet/replica/CMIP6/ScenarioMIP/DKRZ/MPI-ESM1-2-HR/ssp245/r1i1p1f1/SImon/siconc/gn/v20190710/siconc_SImon_MPI-ESM1-2-HR_ssp245_r1i1p1f1_gn_204001-204412.nc","SHA256","542995c45ee04ccdf77ea4c6ff6d589773060c6521761792686f7a4e4bc30e2c","MPI-ESM1-2-HR","ssp245","r1i1p1f1","siconc","SImon","gn"
"siconc_SImon_MPI-ESM1-2-HR_ssp245_r1i1p1f1_gn_204501-204912.nc","https://esgf.nci.org.au/thredds/fileServer/esgcet/replica/CMIP6/ScenarioMIP/DKRZ/MPI-ESM1-2-HR/ssp245/r1i1p1f1/SImon/siconc/gn/v20190710/siconc_SImon_MPI-ESM1-2-HR_ssp245_r1i1p1f1_gn_204501-204912.nc","SHA256","ac20055fe5feab05f8627a0ed9e503b41780a84bde4cfddc3a7e64d56815c955","MPI-ESM1-2-HR","ssp245","r1i1p1f1","siconc","SImon","gn"
"siconc_SImon_MPI-ESM1-2-HR_ssp245_r1i1p1f1_gn_205001-205412.nc","https://esgf.nci.org.au/thredds/fileServer/esgcet/replica/CMIP6/ScenarioMIP/DKRZ/MPI-ESM1-2-HR/ssp245/r1i1p1f1/SImon/siconc/gn/v20190710/siconc_SImon_MPI-ESM1-2-HR_ssp245_r1i1p1f1_gn_205001-205412.nc","SHA256","a8bd12b10ad1174430b1c5e12c78ffea587afe15c92b96e79f79aadaa54b29d5","MPI-ESM1-2-HR","ssp245","r1i1p1f1","siconc","SImon","gn"
"siconc_SImon_MPI-ESM1-2-HR_ssp245_r1i1p1f1_gn_205501-205912.nc","https://esgf.nci.org.au/thredds/fileServer/esgcet/replica/CMIP6/ScenarioMIP/DKRZ/MPI-ESM1-2-HR/ssp245/r1i1p1f1/SImon/siconc/gn/v20190710/siconc_SImon_MPI-ESM1-2-HR_ssp245_r1i1p1f1_gn_205501-205912.nc","SHA256","35ceeb41db5dd5aae528ff8934d93ed67d6dca7a1c9f2380e2cc7774057f7249","MPI-ESM1-2-HR","ssp245","r1i1p1f1","siconc","SImon","gn"
"siconc_SImon_MPI-ESM1-2-HR_ssp245_r1i1p1f1_gn_206001-206412.nc","https://esgf.nci.org.au/thredds/fileServer/esgcet/replica/CMIP6/ScenarioMIP/DKRZ/MPI-ESM1-2-HR/ssp245/r1i1p1f1/SImon/siconc/gn/v20190710/siconc_SImon_MPI-ESM1-2-HR_ssp245_r1i1p1f1_gn_206001-206412.nc","SHA256","76aadeea366010a6e60c2517d5214a5c11336ae4a4dca1c5cecd3cf30e4bb382","MPI-ESM1-2-HR","ssp245","r1i1p1f1","siconc","SImon","gn"
"siconc_SImon_MPI-ESM1-2-HR_ssp245_r1i1p1f1_gn_206501-206912.nc","https://esgf.nci.org.au/thredds/fileServer/esgcet/replica/CMIP6/ScenarioMIP/DKRZ/MPI-ESM1-2-HR/ssp245/r1i1p1f1/SImon/siconc/gn/v20190710/siconc_SImon_MPI-ESM1-2-HR_ssp245_r1i1p1f1_gn_206501-206912.nc","SHA256","aa961e2317d521716c84884fe2e63302e86fe76b882636c8fbe39d5557139f02","MPI-ESM1-2-HR","ssp245","r1i1p1f1","siconc","SImon","gn"
"siconc_SImon_MPI-ESM1-2-HR_ssp245_r1i1p1f1_gn_207001-207412.nc","https://esgf.nci.org.au/thredds/fileServer/esgcet/replica/CMIP6/ScenarioMIP/DKRZ/MPI-ESM1-2-HR/ssp245/r1i1p1f1/SImon/siconc/gn/v20190710/siconc_SImon_MPI-ESM1-2-HR_ssp245_r1i1p1f1_gn_207001-207412.nc","SHA256","de263b51696d5fccc934db711794ff8a2fd69dd02e853dfe75f1b9f89b0ffa5d","MPI-ESM1-2-HR","ssp245","r1i1p1f1","siconc","SImon","gn"
"siconc_SImon_MPI-ESM1-2-HR_ssp245_r1i1p1f1_gn_207501-207912.nc","https://esgf.nci.org.au/thredds/fileServer/esgcet/replica/CMIP6/ScenarioMIP/DKRZ/MPI-ESM1-2-HR/ssp245/r1i1p1f1/SImon/siconc/gn/v20190710/siconc_SImon_MPI-ESM1-2-HR_ssp245_r1i1p1f1_gn_207501-207912.nc","SHA256","db1c64be5b7720ff040113cf88e01120a1076c96b4eda637c5a7883ad9031bbe","MPI-ESM1-2-HR","ssp245","r1i1p1f1","siconc","SImon","gn"
"siconc_SImon_MPI-ESM1-2-HR_ssp245_r1i1p1f1_gn_208001-208412.nc","https://esgf.nci.org.au/thredds/fileServer/esgcet/replica/CMIP6/ScenarioMIP/DKRZ/MPI-ESM1-2-HR/ssp245/r1i1p1f1/SImon/siconc/gn/v20190710/siconc_SImon_MPI-ESM1-2-HR_ssp245_r1i1p1f1_gn_208001-208412.nc","SHA256","0c5206e6494f5f5b32ccc783a9abdb11043d5ef67fe3891496867eb6b732602f","MPI-ESM1-2-HR","ssp245","r1i1p1f1","siconc","SImon","gn"
"siconc_SImon_MPI-ESM1-2-HR_ssp245_r1i1p1f1_gn_208501-208912.nc","https://esgf.nci.org.au/thredds/fileServer/esgcet/replica/CMIP6/ScenarioMIP/DKRZ/MPI-ESM1-2-HR/ssp245/r1i1p1f1/SImon/siconc/gn/v20190710/siconc_SImon_MPI-ESM1-2-HR_ssp245_r1i1p1f1_gn_208501-208912.nc","SHA256","ad37be2a02087d56bcaefa49d1cf68837d3eff17105dbddcb803ae05fe3f29a5","MPI-ESM1-2-HR","ssp245","r1i1p1f1","siconc","SImon","gn"
"siconc_SImon_MPI-ESM1-2-HR_ssp245_r1i1p1f1_gn_209001-209412.nc","https://esgf.nci.org.au/thredds/fileServer/esgcet/replica/CMIP6/ScenarioMIP/DKRZ/MPI-ESM1-2-HR/ssp245/r1i1p1f1/SImon/siconc/gn/v20190710/siconc_SImon_MPI-ESM1-2-HR_ssp245_r1i1p1f1_gn_209001-209412.nc","SHA256","da64d73676036bb490297803569c63c3c3a8ae3b885d3eb3ec6704c42588dc28","MPI-ESM1-2-HR","ssp245","r1i1p1f1","siconc","SImon","gn"
"siconc_SImon_MPI-ESM1-2-HR_ssp245_r1i1p1f1_gn_209501-209912.nc","https://esgf.nci.org.au/thredds/fileServer/esgcet/replica/CMIP6/ScenarioMIP/DKRZ/MPI-ESM1-2-HR/ssp245/r1i1p1f1/SImon/siconc/gn/v20190710/siconc_SImon_MPI-ESM1-2-HR_ssp245_r1i1p1f1_gn_209501-209912.nc","SHA256","d1703aa1ed70f553a66d7d7e02f9eefe7a5829906114e9ca09ba93eaeab6fc8b","MPI-ESM1-2-HR","ssp245","r1i1p1f1","siconc","SImon","gn"
"siconc_SImon_MPI-ESM1-2-HR_ssp245_r1i1p1f1_gn_210001-210012.nc","https://esgf.nci.org.au/thredds/fileServer/esgcet/replica/CMIP6/ScenarioMIP/DKRZ/MPI-ESM1-2-HR/ssp245/r1i1p1f1/SImon/siconc/gn/v20190710/siconc_SImon_MPI-ESM1-2-HR_ssp245_r1i1p1f1_gn_210001-210012.nc","SHA256","d7d5c83f51d155bfd01df7c3d1e9d0708eb87010d52f4a2a069bc76b81c19817","MPI-ESM1-2-HR","ssp245","r1i1p1f1","siconc","SImon","gn"
"siconc_SImon_MPI-ESM1-2-HR_ssp585_r1i1p1f1_gn_201501-201912.nc","https://esgf.nci.org.au/thredds/fileServer/esgcet/replica/CMIP6/ScenarioMIP/DKRZ/MPI-ESM1-2-HR/ssp585/r1i1p1f1/SImon/siconc/gn/v20190710/siconc_SImon_MPI-ESM1-2-HR_ssp585_r1i1p1f1_gn_201501-201912.nc","SHA256","fa12fcf34ac14f6b6410b2a3e898a4ebcf2a8eb9f8b861500fb292431f9294fd","MPI-ESM1-2-HR","ssp585","r1i1p1f1","siconc","SImon","gn"
"siconc_SImon_MPI-ESM1-2-HR_ssp585_r1i1p1f1_gn_202001-202412.nc","https://esgf.nci.org.au/thredds/fileServer/esgcet/replica/CMIP6/ScenarioMIP/DKRZ/MPI-ESM1-2-HR/ssp585/r1i1p1f1/SImon/siconc/gn/v20190710/siconc_SImon_MPI-ESM1-2-HR_ssp585_r1i1p1f1_gn_202001-202412.nc","SHA256","fc7ba1d54dcc58ba5d94caac6bf313a22dbda531a5af5679e9a099a6e989d3a2","MPI-ESM1-2-HR","ssp585","r1i1p1f1","siconc","SImon","gn"
"siconc_SImon_MPI-ESM1-2-HR_ssp585_r1i1p1f1_gn_202501-202912.nc","https://esgf.nci.org.au/thredds/fileServer/esgcet/replica/CMIP6/ScenarioMIP/DKRZ/MPI-ESM1-2-HR/ssp585/r1i1p1f1/SImon/siconc/gn/v20190710/siconc_SImon_MPI-ESM1-2-HR_ssp585_r1i1p1f1_gn_202501-202912.nc","SHA256","231cdac0091fbb4ba833a4a71f6645df9924c2fd352c4426c8188e5c23169d65","MPI-ESM1-2-HR","ssp585","r1i1p1f1","siconc","SImon","gn"
"siconc_SImon_MPI-ESM1-2-HR_ssp585_r1i1p1f1_gn_203001-203412.nc","https://esgf.nci.org.au/thredds/fileServer/esgcet/replica/CMIP6/ScenarioMIP/DKRZ/MPI-ESM1-2-HR/ssp585/r1i1p1f1/SImon/siconc/gn/v20190710/siconc_SImon_MPI-ESM1-2-HR_ssp585_r1i1p1f1_gn_203001-203412.nc","SHA256","09642b1842e70b670f1b06cf3c0e27ffebba040e16e6580a7e83bea45f7edd0b","MPI-ESM1-2-HR","ssp585","r1i1p1f1","siconc","SImon","gn"
"siconc_SImon_MPI-ESM1-2-HR_ssp585_r1i1p1f1_gn_203501-203912.nc","https://esgf.nci.org.au/thredds/fileServer/esgcet/replica/CMIP6/ScenarioMIP/DKRZ/MPI-ESM1-2-HR/ssp585/r1i1p1f1/SImon/siconc/gn/v20190710/siconc_SImon_MPI-ESM1-2-HR_ssp585_r1i1p1f1_gn_203501-203912.nc","SHA256","f174e980716f69b6afd1f63d33fda5947962044ca26499082f874fb754d9fa1f","MPI-ESM1-2-HR","ssp585","r1i1p1f1","siconc","SImon","gn"
"siconc_SImon_MPI-ESM1-2-HR_ssp585_r1i1p1f1_gn_204001-204412.nc","https://esgf.nci.org.au/thredds/fileServer/esgcet/replica/CMIP6/ScenarioMIP/DKRZ/MPI-ESM1-2-HR/ssp585/r1i1p1f1/SImon/siconc/gn/v20190710/siconc_SImon_MPI-ESM1-2-HR_ssp585_r1i1p1f1_gn_204001-204412.nc","SHA256","18e8a2afdd03a8ab4fd9aaff73bda298da2e94e2076d9e50cf7c12079b688228","MPI-ESM1-2-HR","ssp585","r1i1p1f1","siconc","SImon","gn"
"siconc_SImon_MPI-ESM1-2-HR_ssp585_r1i1p1f1_gn_204501-204912.nc","https://esgf.nci.org.au/thredds/fileServer/esgcet/replica/CMIP6/ScenarioMIP/DKRZ/MPI-ESM1-2-HR/ssp585/r1i1p1f1/SImon/siconc/gn/v20190710/siconc_SImon_MPI-ESM1-2-HR_ssp585_r1i1p1f1_gn_204501-204912.nc","SHA256","2860096e97ef16dbf2d2ba9b32200e6de0ea449f6d0e86273386c05d5a3323f4","MPI-ESM1-2-HR","ssp585","r1i1p1f1","siconc","SImon","gn"
"siconc_SImon_MPI-ESM1-2-HR_ssp585_r1i1p1f1_gn_205001-205412.nc","https://esgf.nci.org.au/thredds/fileServer/esgcet/replica/CMIP6/ScenarioMIP/DKRZ/MPI-ESM1-2-HR/ssp585/r1i1p1f1/SImon/siconc/gn/v20190710/siconc_SImon_MPI-ESM1-2-HR_ssp585_r1i1p1f1_gn_205001-205412.nc","SHA256","401ca3fbc8de8b22e02e4420bc94e0e2ac86b7d1743e30d0dc624e50608f8dc6","MPI-ESM1-2-HR","ssp585","r1i1p1f1","siconc","SImon","gn"
"siconc_SImon_MPI-ESM1-2-HR_ssp585_r1i1p1f1_gn_205501-205912.nc","https://esgf.nci.org.au/thredds/fileServer/esgcet/replica/CMIP6/ScenarioMIP/DKRZ/MPI-ESM1-2-HR/ssp585/r1i1p1f1/SImon/siconc/gn/v20190710/siconc_SImon_MPI-ESM1-2-HR_ssp585_r1i1p1f1_gn_205501-205912.nc","SHA256","b69b71bf5ea6b451efb0dc101dd5d6817136514a850daa307a8e9c8710a1dbbc","MPI-ESM1-2-HR","ssp585","r1i1p1f1","siconc","SImon","gn"
"siconc_SImon_MPI-ESM1-2-HR_ssp585_r1i1p1f1_gn_206001-206412.nc","https://esgf.nci.org.au/thredds/fileServer/esgcet/replica/CMIP6/ScenarioMIP/DKRZ/MPI-ESM1-2-HR/ssp585/r1i1p1f1/SImon/siconc/gn/v20190710/siconc_SImon_MPI-ESM1-2-HR_ssp585_r1i1p1f1_gn_206001-206412.nc","SHA256","e11b7de8b8c7be8a39c4969d4990069f51d02ab6f098705903122b6fd025e32e","MPI-ESM1-2-HR","ssp585","r1i1p1f1","siconc","SImon","gn"
"siconc_SImon_MPI-ESM1-2-HR_ssp585_r1i1p1f1_gn_206501-206912.nc","https://esgf.nci.org.au/thredds/fileServer/esgcet/replica/CMIP6/ScenarioMIP/DKRZ/MPI-ESM1-2-HR/ssp585/r1i1p1f1/SImon/siconc/gn/v20190710/siconc_SImon_MPI-ESM1-2-HR_ssp585_r1i1p1f1_gn_206501-206912.nc","SHA256","31457b8d81dda10ddc74727bed9c4cef4a3190126d9874132d69628ac7da39ef","MPI-ESM1-2-HR","ssp585","r1i1p1f1","siconc","SImon","gn"
"siconc_SImon_MPI-ESM1-2-HR_ssp585_r1i1p1f1_gn_207001-207412.nc","https://esgf.nci.org.au/thredds/fileServer/esgcet/replica/CMIP6/ScenarioMIP/DKRZ/MPI-ESM1-2-HR/ssp585/r1i1p1f1/SImon/siconc/gn/v20190710/siconc_SImon_MPI-ESM1-2-HR_ssp585_r1i1p1f1_gn_207001-207412.nc","SHA256","387d306f2a3473ddd91b7b33cbd18216a10de2bb4c2e7fe666ad0726a32859f0","MPI-ESM1-2-HR","ssp585","r1i1p1f1","siconc","SImon","gn"
"siconc_SImon_MPI-ESM1-2-HR_ssp585_r1i1p1f1_gn_207501-207912.nc","https://esgf.nci.org.au/thredds/fileServer/esgcet/replica/CMIP6/ScenarioMIP/DKRZ/MPI-ESM1-2-HR/ssp585/r1i1p1f1/SImon/siconc/gn/v20190710/siconc_SImon_MPI-ESM1-2-HR_ssp585_r1i1p1f1_gn_207501-207912.nc","SHA256","ce06c5b65d09908872804ff2001e7335d1ceaaa2031e9806a84d9b5593a04aa2","MPI-ESM1-2-HR","ssp585","r1i1p1f1","siconc","SImon","gn"
"siconc_SImon_MPI-ESM1-2-HR_ssp585_r1i1p1f1_gn_208001-208412.nc","https://esgf.nci.org.au/thredds/fileServer/esgcet/replica/CMIP6/ScenarioMIP/DKRZ/MPI-ESM1-2-HR/ssp585/r1i1p1f1/SImon/siconc/gn/v20190710/siconc_SImon_MPI-ESM1-2-HR_ssp585_r1i1p1f1_gn_208001-208412.nc","SHA256","9884eef8a909d980edfdda9b31420363ee546b607390dfe5a03157aa7b5e8fdc","MPI-ESM1-2-HR","ssp585","r1i1p1f1","siconc","SImon","gn"
"siconc_SImon_MPI-ESM1-2-HR_ssp585_r1i1p1f1_gn_208501-208912.nc","https://esgf.nci.org.au/thredds/fileServer/esgcet/replica/CMIP6/ScenarioMIP/DKRZ/MPI-ESM1-2-HR/ssp585/r1i1p1f1/SImon/siconc/gn/v20190710/siconc_SImon_MPI-ESM1-2-HR_ssp585_r1i1p1f1_gn_208501-208912.nc","SHA256","d5e449ff8235e31aada457d04a31e9eec229a742fcb7bdeda951f7e18d7130b6","MPI-ESM1-2-HR","ssp585","r1i1p1f1","siconc","SImon","gn"
"siconc_SImon_MPI-ESM1-2-HR_ssp585_r1i1p1f1_gn_209001-209412.nc","https://esgf.nci.org.au/thredds/fileServer/esgcet/replica/CMIP6/ScenarioMIP/DKRZ/MPI-ESM1-2-HR/ssp585/r1i1p1f1/SImon/siconc/gn/v20190710/siconc_SImon_MPI-ESM1-2-HR_ssp585_r1i1p1f1_gn_209001-209412.nc","SHA256","8186ea3502abaf87e7307206a87158c923174f746c2c2ed0025c3b2566f6233c","MPI-ESM1-2-HR","ssp585","r1i1p1f1","siconc","SImon","gn"
"siconc_SImon_MPI-ESM1-2-HR_ssp585_r1i1p1f1_gn_209501-209912.nc","https://esgf.nci.org.au/thredds/fileServer/esgcet/replica/CMIP6/ScenarioMIP/DKRZ/MPI-ESM1-2-HR/ssp585/r1i1p1f1/SImon/siconc/gn/v20190710/siconc_SImon_MPI-ESM1-2-HR_ssp585_r1i1p1f1_gn_209501-209912.nc","SHA256","2ae6a5d3043589a9c0fbbdad57f65be5bfa4da3571491a65475064f989a7cd44","MPI-ESM1-2-HR","ssp585","r1i1p1f1","siconc","SImon","gn"
"siconc_SImon_MPI-ESM1-2-HR_ssp585_r1i1p1f1_gn_210001-210012.nc","https://esgf.nci.org.au/thredds/fileServer/esgcet/replica/CMIP6/ScenarioMIP/DKRZ/MPI-ESM1-2-HR/ssp585/r1i1p1f1/SImon/siconc/gn/v20190710/siconc_SImon_MPI-ESM1-2-HR_ssp585_r1i1p1f1_gn_210001-210012.nc","SHA256","0c244045e044e1bde8172811ecb4fd83e6f84a7a7754bf99b06067d05b5d3c83","MPI-ESM1-2-HR","ssp585","r1i1p1f1","siconc","SImon","gn"
"siconc_SImon_MPI-ESM1-2-LR_historical_r1i1p1f1_gn_185001-186912.nc","https://esgf.nci.org.au/thredds/fileServer/esgcet/replica/CMIP6/CMIP/MPI-M/MPI-ESM1-2-LR/historical/r1i1p1f1/SImon/siconc/gn/v20190710/siconc_SImon_MPI-ESM1-2-LR_historical_r1i1p1f1_gn_185001-186912.nc","SHA256","e0e9eb690d83a35644e30e17763140a44c270961d14a408fad4d05efe66ff316","MPI-ESM1-2-LR","historical","r1i1p1f1","siconc","SImon","gn"
"siconc_SImon_MPI-ESM1-2-LR_historical_r1i1p1f1_gn_187001-188912.nc","https://esgf.nci.org.au/thredds/fileServer/esgcet/replica/CMIP6/CMIP/MPI-M/MPI-ESM1-2-LR/historical/r1i1p1f1/SImon/siconc/gn/v20190710/siconc_SImon_MPI-ESM1-2-LR_historical_r1i1p1f1_gn_187001-188912.nc","SHA256","d4661fa269f0c3921855b9d2b0445484d942ffc4989603a00813b2eeb8cc38e1","MPI-ESM1-2-LR","historical","r1i1p1f1","siconc","SImon","gn"
"siconc_SImon_MPI-ESM1-2-LR_historical_r1i1p1f1_gn_189001-190912.nc","https://esgf.nci.org.au/thredds/fileServer/esgcet/replica/CMIP6/CMIP/MPI-M/MPI-ESM1-2-LR/historical/r1i1p1f1/SImon/siconc/gn/v20190710/siconc_SImon_MPI-ESM1-2-LR_historical_r1i1p1f1_gn_189001-190912.nc","SHA256","3beef550dddd5d60212968119cf0d3975fe2df9c583af01cdff463043ea4bc59","MPI-ESM1-2-LR","historical","r1i1p1f1","siconc","SImon","gn"
"siconc_SImon_MPI-ESM1-2-LR_historical_r1i1p1f1_gn_191001-192912.nc","https://esgf.nci.org.au/thredds/fileServer/esgcet/replica/CMIP6/CMIP/MPI-M/MPI-ESM1-2-LR/historical/r1i1p1f1/SImon/siconc/gn/v20190710/siconc_SImon_MPI-ESM1-2-LR_historical_r1i1p1f1_gn_191001-192912.nc","SHA256","0c1a811d2732ee5a3e5a38e03aeba6b9faa1f734aa73c87e3d9ae87d5e3bdb06","MPI-ESM1-2-LR","historical","r1i1p1f1","siconc","SImon","gn"
"siconc_SImon_MPI-ESM1-2-LR_historical_r1i1p1f1_gn_193001-194912.nc","https://esgf.nci.org.au/thredds/fileServer/esgcet/replica/CMIP6/CMIP/MPI-M/MPI-ESM1-2-LR/historical/r1i1p1f1/SImon/siconc/gn/v20190710/siconc_SImon_MPI-ESM1-2-LR_historical_r1i1p1f1_gn_193001-194912.nc","SHA256","42368d3e04c72999a4f28442bfe6017a31874033672430154a13434e5031f055","MPI-ESM1-2-LR","historical","r1i1p1f1","siconc","SImon","gn"
"siconc_SImon_MPI-ESM1-2-LR_historical_r1i1p1f1_gn_195001-196912.nc","https://esgf.nci.org.au/thredds/fileServer/esgcet/replica/CMIP6/CMIP/MPI-M/MPI-ESM1-2-LR/historical/r1i1p1f1/SImon/siconc/gn/v20190710/siconc_SImon_MPI-ESM1-2-LR_historical_r1i1p1f1_gn_195001-196912.nc","SHA256","8c93999ff3ee5f708cd12a980d16c6b99781b58efe7e56c8cc299dbcfff68a3f","MPI-ESM1-2-LR","historical","r1i1p1f1","siconc","SImon","gn"
"siconc_SImon_MPI-ESM1-2-LR_historical_r1i1p1f1_gn_197001-198912.nc","https://esgf.nci.org.au/thredds/fileServer/esgcet/replica/CMIP6/CMIP/MPI-M/MPI-ESM1-2-LR/historical/r1i1p1f1/SImon/siconc/gn/v20190710/siconc_SImon_MPI-ESM1-2-LR_historical_r1i1p1f1_gn_197001-198912.nc","SHA256","032a37c2ce8c28888eedf8ec4046d4e76993d4af322bf3460455917458ced075","MPI-ESM1-2-LR","historical","r1i1p1f1","siconc","SImon","gn"
"siconc_SImon_MPI-ESM1-2-LR_historical_r1i1p1f1_gn_199001-200912.nc","https://esgf.nci.org.au/thredds/fileServer/esgcet/replica/CMIP6/CMIP/MPI-M/MPI-ESM1-2-LR/historical/r1i1p1f1/SImon/siconc/gn/v20190710/siconc_SImon_MPI-ESM1-2-LR_historical_r1i1p1f1_gn_199001-200912.nc","SHA256","56af4a9aeb6612b754d1eace43cec896f9466038fda63f5417c9b606cf677164","MPI-ESM1-2-LR","historical","r1i1p1f1","siconc","SImon","gn"
"siconc_SImon_MPI-ESM1-2-LR_historical_r1i1p1f1_gn_201001-201412.nc","https://esgf.nci.org.au/thredds/fileServer/esgcet/replica/CMIP6/CMIP/MPI-M/MPI-ESM1-2-LR/historical/r1i1p1f1/SImon/siconc/gn/v20190710/siconc_SImon_MPI-ESM1-2-LR_historical_r1i1p1f1_gn_201001-201412.nc","SHA256","30ed551257741974504deea9e45acb89ab504f09b787b077601627ed30721e38","MPI-ESM1-2-LR","historical","r1i1p1f1","siconc","SImon","gn"
"siconc_SImon_MPI-ESM1-2-LR_ssp126_r1i1p1f1_gn_201501-203412.nc","https://esgf.nci.org.au/thredds/fileServer/esgcet/replica/CMIP6/ScenarioMIP/MPI-M/MPI-ESM1-2-LR/ssp126/r1i1p1f1/SImon/siconc/gn/v20190710/siconc_SImon_MPI-ESM1-2-LR_ssp126_r1i1p1f1_gn_201501-203412.nc","SHA256","2e9d58f0ccf7decb3a65c0311bb44d0fd7d1e7509e75c55334ff33365a529038","MPI-ESM1-2-LR","ssp126","r1i1p1f1","siconc","SImon","gn"
"siconc_SImon_MPI-ESM1-2-LR_ssp126_r1i1p1f1_gn_203501-205412.nc","https://esgf.nci.org.au/thredds/fileServer/esgcet/replica/CMIP6/ScenarioMIP/MPI-M/MPI-ESM1-2-LR/ssp126/r1i1p1f1/SImon/siconc/gn/v20190710/siconc_SImon_MPI-ESM1-2-LR_ssp126_r1i1p1f1_gn_203501-205412.nc","SHA256","ce9ed6aa0b82994fa57a9095e54b5b6ca9eb5d2d2bdb75c828f35d721459cfd3","MPI-ESM1-2-LR","ssp126","r1i1p1f1","siconc","SImon","gn"
"siconc_SImon_MPI-ESM1-2-LR_ssp126_r1i1p1f1_gn_205501-207412.nc","https://esgf.nci.org.au/thredds/fileServer/esgcet/replica/CMIP6/ScenarioMIP/MPI-M/MPI-ESM1-2-LR/ssp126/r1i1p1f1/SImon/siconc/gn/v20190710/siconc_SImon_MPI-ESM1-2-LR_ssp126_r1i1p1f1_gn_205501-207412.nc","SHA256","ed4bea4a62e4542c8c97d2690df0e2abbdfaa541ca12f94b7499e800ebb72cd6","MPI-ESM1-2-LR","ssp126","r1i1p1f1","siconc","SImon","gn"
"siconc_SImon_MPI-ESM1-2-LR_ssp126_r1i1p1f1_gn_207501-209412.nc","https://esgf.nci.org.au/thredds/fileServer/esgcet/replica/CMIP6/ScenarioMIP/MPI-M/MPI-ESM1-2-LR/ssp126/r1i1p1f1/SImon/siconc/gn/v20190710/siconc_SImon_MPI-ESM1-2-LR_ssp126_r1i1p1f1_gn_207501-209412.nc","SHA256","84994274d3a746e4db77bda13df247a4d1ecedfc428e4d1cd95c8fbf55513bee","MPI-ESM1-2-LR","ssp126","r1i1p1f1","siconc","SImon","gn"
"siconc_SImon_MPI-ESM1-2-LR_ssp126_r1i1p1f1_gn_209501-210012.nc","https://esgf.nci.org.au/thredds/fileServer/esgcet/replica/CMIP6/ScenarioMIP/MPI-M/MPI-ESM1-2-LR/ssp126/r1i1p1f1/SImon/siconc/gn/v20190710/siconc_SImon_MPI-ESM1-2-LR_ssp126_r1i1p1f1_gn_209501-210012.nc","SHA256","bcdd67afa06bec61f1abac98ae07e477d41c525385922a3a517223422e351dfd","MPI-ESM1-2-LR","ssp126","r1i1p1f1","siconc","SImon","gn"
"siconc_SImon_MPI-ESM1-2-LR_ssp245_r1i1p1f1_gn_201501-203412.nc","https://esgf.nci.org.au/thredds/fileServer/esgcet/replica/CMIP6/ScenarioMIP/MPI-M/MPI-ESM1-2-LR/ssp245/r1i1p1f1/SImon/siconc/gn/v20190710/siconc_SImon_MPI-ESM1-2-LR_ssp245_r1i1p1f1_gn_201501-203412.nc","SHA256","2b0712c566cda29ca2ba2feabaa200cfda9a5df4fa9079e76c95a71763a556e8","MPI-ESM1-2-LR","ssp245","r1i1p1f1","siconc","SImon","gn"
"siconc_SImon_MPI-ESM1-2-LR_ssp245_r1i1p1f1_gn_203501-205412.nc","https://esgf.nci.org.au/thredds/fileServer/esgcet/replica/CMIP6/ScenarioMIP/MPI-M/MPI-ESM1-2-LR/ssp245/r1i1p1f1/SImon/siconc/gn/v20190710/siconc_SImon_MPI-ESM1-2-LR_ssp245_r1i1p1f1_gn_203501-205412.nc","SHA256","6168f56b7c76b23aeedba920c0d13b7cfc8c276e972da620facc1b2506fe48b1","MPI-ESM1-2-LR","ssp245","r1i1p1f1","siconc","SImon","gn"
"siconc_SImon_MPI-ESM1-2-LR_ssp245_r1i1p1f1_gn_205501-207412.nc","https://esgf.nci.org.au/thredds/fileServer/esgcet/replica/CMIP6/ScenarioMIP/MPI-M/MPI-ESM1-2-LR/ssp245/r1i1p1f1/SImon/siconc/gn/v20190710/siconc_SImon_MPI-ESM1-2-LR_ssp245_r1i1p1f1_gn_205501-207412.nc","SHA256","a083088c5ffae388cf117528c1b034f4769927cf4bf8df06302fde782f249bbd","MPI-ESM1-2-LR","ssp245","r1i1p1f1","siconc","SImon","gn"
"siconc_SImon_MPI-ESM1-2-LR_ssp245_r1i1p1f1_gn_207501-209412.nc","https://esgf.nci.org.au/thredds/fileServer/esgcet/replica/CMIP6/ScenarioMIP/MPI-M/MPI-ESM1-2-LR/ssp245/r1i1p1f1/SImon/siconc/gn/v20190710/siconc_SImon_MPI-ESM1-2-LR_ssp245_r1i1p1f1_gn_207501-209412.nc","SHA256","ba79180ea69d27b56656e5599de1d201cef64a683ae3335b82f470b8a0c91e28","MPI-ESM1-2-LR","ssp245","r1i1p1f1","siconc","SImon","gn"
"siconc_SImon_MPI-ESM1-2-LR_ssp245_r1i1p1f1_gn_209501-210012.nc","https://esgf.nci.org.au/thredds/fileServer/esgcet/replica/CMIP6/ScenarioMIP/MPI-M/MPI-ESM1-2-LR/ssp245/r1i1p1f1/SImon/siconc/gn/v20190710/siconc_SImon_MPI-ESM1-2-LR_ssp245_r1i1p1f1_gn_209501-210012.nc","SHA256","a0112ee9a7642883eda0ffec130751c0647a68c15a61d47eeb24285127631b63","MPI-ESM1-2-LR","ssp245","r1i1p1f1","siconc","SImon","gn"
"siconc_SImon_MPI-ESM1-2-LR_ssp585_r1i1p1f1_gn_201501-203412.nc","https://esgf.nci.org.au/thredds/fileServer/esgcet/replica/CMIP6/ScenarioMIP/MPI-M/MPI-ESM1-2-LR/ssp585/r1i1p1f1/SImon/siconc/gn/v20190710/siconc_SImon_MPI-ESM1-2-LR_ssp585_r1i1p1f1_gn_201501-203412.nc","SHA256","c00bdf51e5025dfafc9377fdf6ab0f74b27eb9954acf674ec50a07ac0d30c422","MPI-ESM1-2-LR","ssp585","r1i1p1f1","siconc","SImon","gn"
"siconc_SImon_MPI-ESM1-2-LR_ssp585_r1i1p1f1_gn_203501-205412.nc","https://esgf.nci.org.au/thredds/fileServer/esgcet/replica/CMIP6/ScenarioMIP/MPI-M/MPI-ESM1-2-LR/ssp585/r1i1p1f1/SImon/siconc/gn/v20190710/siconc_SImon_MPI-ESM1-2-LR_ssp585_r1i1p1f1_gn_203501-205412.nc","SHA256","9ed126a7bb9e1e5c4325973a9edcde2e0ad17fefadac07baf46da8731c687b94","MPI-ESM1-2-LR","ssp585","r1i1p1f1","siconc","SImon","gn"
"siconc_SImon_MPI-ESM1-2-LR_ssp585_r1i1p1f1_gn_205501-207412.nc","https://esgf.nci.org.au/thredds/fileServer/esgcet/replica/CMIP6/ScenarioMIP/MPI-M/MPI-ESM1-2-LR/ssp585/r1i1p1f1/SImon/siconc/gn/v20190710/siconc_SImon_MPI-ESM1-2-LR_ssp585_r1i1p1f1_gn_205501-207412.nc","SHA256","9f1972ab00f989aa333bc974ba0089cd47ad5b6244d183c5fe5b08b9b47e69ec","MPI-ESM1-2-LR","ssp585","r1i1p1f1","siconc","SImon","gn"
"siconc_SImon_MPI-ESM1-2-LR_ssp585_r1i1p1f1_gn_207501-209412.nc","https://esgf.nci.org.au/thredds/fileServer/esgcet/replica/CMIP6/ScenarioMIP/MPI-M/MPI-ESM1-2-LR/ssp585/r1i1p1f1/SImon/siconc/gn/v20190710/siconc_SImon_MPI-ESM1-2-LR_ssp585_r1i1p1f1_gn_207501-209412.nc","SHA256","ddc65605107117efaeac641dca7242fdbb65f5d4f86616d6c355ffa13c9476c7","MPI-ESM1-2-LR","ssp585","r1i1p1f1","siconc","SImon","gn"
"siconc_SImon_MPI-ESM1-2-LR_ssp585_r1i1p1f1_gn_209501-210012.nc","https://esgf.nci.org.au/thredds/fileServer/esgcet/replica/CMIP6/ScenarioMIP/MPI-M/MPI-ESM1-2-LR/ssp585/r1i1p1f1/SImon/siconc/gn/v20190710/siconc_SImon_MPI-ESM1-2-LR_ssp585_r1i1p1f1_gn_209501-210012.nc","SHA256","2d7084a2af3ad8253742374f71dcc4821b440f3fd70aa1c0942084be3d7f46bd","MPI-ESM1-2-LR","ssp585","r1i1p1f1","siconc","SImon","gn"
"siconc_SImon_UKESM1-0-LL_historical_r1i1p1f2_gn_185001-194912.nc","https://esgf.ceda.ac.uk/thredds/fileServer/esg_cmip6/CMIP6/CMIP/MOHC/UKESM1-0-LL/historical/r1i1p1f2/SImon/siconc/gn/v20200309/siconc_SImon_UKESM1-0-LL_historical_r1i1p1f2_gn_185001-194912.nc","SHA256","d1015c8afc9f7039380efc6bc8988e8eb885b8251fad637a8460351c2c5ef533","UKESM1-0-LL","historical","r1i1p1f2","siconc","SImon","gn"
"siconc_SImon_UKESM1-0-LL_historical_r1i1p1f2_gn_195001-201412.nc","https://esgf.nci.org.au/thredds/fileServer/esgcet/replica/CMIP6/CMIP/MOHC/UKESM1-0-LL/historical/r1i1p1f2/SImon/siconc/gn/v20200309/siconc_SImon_UKESM1-0-LL_historical_r1i1p1f2_gn_195001-201412.nc","SHA256","0cf82854bec35f123b13ef0ae2c57d363fdaff954bfb68990a0faa961b351879","UKESM1-0-LL","historical","r1i1p1f2","siconc","SImon","gn"
"siconc_SImon_UKESM1-0-LL_ssp126_r1i1p1f2_gn_201501-204912.nc","https://esgf.nci.org.au/thredds/fileServer/esgcet/replica/CMIP6/ScenarioMIP/MOHC/UKESM1-0-LL/ssp126/r1i1p1f2/SImon/siconc/gn/v20200729/siconc_SImon_UKESM1-0-LL_ssp126_r1i1p1f2_gn_201501-204912.nc","SHA256","20f81db166b804564159c4907a7dd009fad250e58124d6cb31765bc4b0e65ebd","UKESM1-0-LL","ssp126","r1i1p1f2","siconc","SImon","gn"
"siconc_SImon_UKESM1-0-LL_ssp126_r1i1p1f2_gn_205001-210012.nc","https://esgf.nci.org.au/thredds/fileServer/esgcet/replica/CMIP6/ScenarioMIP/MOHC/UKESM1-0-LL/ssp126/r1i1p1f2/SImon/siconc/gn/v20200729/siconc_SImon_UKESM1-0-LL_ssp126_r1i1p1f2_gn_205001-210012.nc","SHA256","00ae625b3bdd0312b3ea3964cb2c3a4c689ff110a982a1110334517fd80ed993","UKESM1-0-LL","ssp126","r1i1p1f2","siconc","SImon","gn"
"siconc_SImon_UKESM1-0-LL_ssp245_r1i1p1f2_gn_201501-204912.nc","https://esgf.nci.org.au/thredds/fileServer/esgcet/replica/CMIP6/ScenarioMIP/MOHC/UKESM1-0-LL/ssp245/r1i1p1f2/SImon/siconc/gn/v20200415/siconc_SImon_UKESM1-0-LL_ssp245_r1i1p1f2_gn_201501-204912.nc","SHA256","7a77bdca6b38cc80bd7687c8e29a622274e99ba80d7479025b0b50bdbaa21075","UKESM1-0-LL","ssp245","r1i1p1f2","siconc","SImon","gn"
"siconc_SImon_UKESM1-0-LL_ssp245_r1i1p1f2_gn_205001-210012.nc","https://esgf.nci.org.au/thredds/fileServer/esgcet/replica/CMIP6/ScenarioMIP/MOHC/UKESM1-0-LL/ssp245/r1i1p1f2/SImon/siconc/gn/v20200415/siconc_SImon_UKESM1-0-LL_ssp245_r1i1p1f2_gn_205001-210012.nc","SHA256","59398c736f43382bf267d76083c2c398fc44f89be99f075a0375a872996d22aa","UKESM1-0-LL","ssp245","r1i1p1f2","siconc","SImon","gn"
"siconc_SImon_UKESM1-0-LL_ssp585_r1i1p1f2_gn_201501-204912.nc","https://esgf.nci.org.au/thredds/fileServer/esgcet/replica/CMIP6/ScenarioMIP/MOHC/UKESM1-0-LL/ssp585/r1i1p1f2/SImon/siconc/gn/v20200415/siconc_SImon_UKESM1-0-LL_ssp585_r1i1p1f2_gn_201501-204912.nc","SHA256","610ba044f457f8d3627e02aaf0a8b0bfb9cbafd351e2a8289f6348587d53fc01","UKESM1-0-LL","ssp585","r1i1p1f2","siconc","SImon","gn"
"siconc_SImon_UKESM1-0-LL_ssp585_r1i1p1f2_gn_205001-210012.nc","https://esgf.nci.org.au/thredds/fileServer/esgcet/replica/CMIP6/ScenarioMIP/MOHC/UKESM1-0-LL/ssp585/r1i1p1f2/SImon/siconc/gn/v20200415/siconc_SImon_UKESM1-0-LL_ssp585_r1i1p1f2_gn_205001-210012.nc","SHA256","7a7a50383adacb798f415b423bfd502e891d95f09d8e64975818bc2332c8ce67","UKESM1-0-LL","ssp585","r1i1p1f2","siconc","SImon","gn"
