"file","line","category","interpretation","text"
"scripts/bash/download_cesmle_list_and_get.sh",17,"hardcoded_chl_o2","May contain hard-coded variable lists that need expansion beyond chl/o2.","VARS=(TEMP SALT O2 UVEL)"
"scripts/bash/download_cesmle_list_parallel-hist.sh",23,"hardcoded_chl_o2","May contain hard-coded variable lists that need expansion beyond chl/o2.","VARS=(${VARS:-${VARS_DEFAULT[@]}})"
"scripts/bash/download_cesmle_list_parallel-proj.sh",20,"hardcoded_chl_o2","May contain hard-coded variable lists that need expansion beyond chl/o2.","VARS=(${VARS:-${VARS_DEFAULT[@]}})"
"scripts/bash/download_cesmle_list_parallel.sh",17,"hardcoded_chl_o2","May contain hard-coded variable lists that need expansion beyond chl/o2.","VARS=(TEMP SALT O2 UVEL)"
"scripts/bash/download_cesmle.sh",38,"stage_requires_parts","Assumes a parts stage from monthly regridding.","echo ""Single not found; trying split parts…"""
"scripts/bash/z_cesm1_temp.sh",24,"stage_requires_parts","Assumes a parts stage from monthly regridding.","echo ""Single not found; trying split parts…"""
"scripts/core/add_cesm_members_to_glorys_with_coastal_fill.slurm.sh",45,"new_ipcc_root","References new IPCC/ESGF root.","#   RCP85_ROOT                : default /home/SB5/ipcc_esgf/cmip5_rcp85"
"scripts/core/add_cesm_members_to_glorys_with_coastal_fill.slurm.sh",46,"old_glorys_root","References legacy GLORYS root; may need reanalysis-root support later.","#   GLORYS_ROOT               : default /home/SB5/glorys12v1_monthly_0p05"
"scripts/core/add_cesm_members_to_glorys_with_coastal_fill.slurm.sh",68,"new_ipcc_root","References new IPCC/ESGF root.","RCP85_ROOT=""${RCP85_ROOT:-/home/SB5/ipcc_esgf/cmip5_rcp85}"""
"scripts/core/add_cesm_members_to_glorys_with_coastal_fill.slurm.sh",69,"old_glorys_root","References legacy GLORYS root; may need reanalysis-root support later.","GLORYS_ROOT=""${GLORYS_ROOT:-/home/SB5/glorys12v1_monthly_0p05}"""
"scripts/core/temporal_aggregate_regrid.slurm.sh",57,"stage_requires_parts","Assumes a parts stage from monthly regridding.","#   PARTS_SUBDIR  : output subdir under OUTROOT/VAR (default: parts)"
"scripts/core/temporal_aggregate_regrid.slurm.sh",75,"stage_requires_parts","Assumes a parts stage from monthly regridding.","PARTS_SUBDIR=""${PARTS_SUBDIR:-parts}"""
"scripts/core/vertical_interpolate_to_reference.slurm.sh",18,"stage_requires_on_glorys","Assumes an on_glorys stage; 2D variables may need to skip vertical interpolation.","#    - Write outputs to a target directory such as on_glorys/"
"scripts/lib/ipcc_esgf_discovery.sh",51,"stage_requires_parts","Assumes a parts stage from monthly regridding.","local subdir=""${2:-parts}"""
"scripts/lib/ipcc_esgf_discovery.sh",72,"stage_requires_parts","Assumes a parts stage from monthly regridding.","local subdir=""${2:-parts}"""
"scripts/lib/ipcc_esgf_discovery.sh",97,"stage_requires_parts","Assumes a parts stage from monthly regridding.","local subdir=""${2:-parts}"""
"scripts/lib/ipcc_esgf_discovery.sh",98,"stage_requires_parts","Assumes a parts stage from monthly regridding.","local model scenario var member parts_dir"
"scripts/lib/ipcc_esgf_discovery.sh",111,"stage_requires_parts","Assumes a parts stage from monthly regridding.","parts_dir=""${var_dir}/${subdir}"""
"scripts/lib/ipcc_esgf_discovery.sh",112,"stage_requires_parts","Assumes a parts stage from monthly regridding.","[[ -d ""$parts_dir"" ]] || continue"
"scripts/lib/ipcc_esgf_discovery.sh",116,"stage_requires_parts","Assumes a parts stage from monthly regridding.","done < <(ipcc_esgf_members_from_files ""$parts_dir"" ""*.nc"" | sort -u)"
"scripts/lib/ipcc_esgf_discovery.sh",216,"member_auto_logic","Uses or resolves member/variant labels.","ipcc_esgf_resolve_member() {"
"scripts/lib/ipcc_esgf_discovery.sh",232,"member_auto_logic","Uses or resolves member/variant labels.","echo ""ERROR: MEMBER=${requested} not found in ${dir} for glob ${glob}"" >&2"
"scripts/lib/ipcc_esgf_discovery.sh",247,"member_auto_logic","Uses or resolves member/variant labels.","echo ""       Set MEMBER=<member>, for example MEMBER=${members[0]}"" >&2"
"scripts/lib/ipcc_esgf_discovery.sh",272,"member_auto_logic","Uses or resolves member/variant labels.","echo ""ERROR: MEMBER=${requested} not found in ${dir} for ${model} ${scenario} ${var}"" >&2"
"scripts/lib/ipcc_esgf_discovery.sh",287,"member_auto_logic","Uses or resolves member/variant labels.","echo ""       Set MEMBER=<member>, for example MEMBER=${members[0]}"" >&2"
"scripts/R/discover_ipcc_esgf_nci_cmip6.R",44,"stage_requires_parts","Assumes a parts stage from monthly regridding.","parts <- unlist(strsplit(value, ""[,[:space:]]+""))"
"scripts/R/discover_ipcc_esgf_nci_cmip6.R",45,"stage_requires_parts","Assumes a parts stage from monthly regridding.","parts[nzchar(parts)]"
"scripts/R/discover_ipcc_esgf_nci_cmip6.R",63,"hardcoded_chl_o2","May contain hard-coded variable lists that need expansion beyond chl/o2.","c(""thetao"", ""so"", ""ph"", ""o2"", ""chl"", ""uo"", ""vo"", ""zooc"", ""zos"", ""mlotst"")"
"scripts/R/discover_ipcc_esgf_nci_cmip6.R",63,"two_dimensional_var","Mentions 2D variables that should not go through vertical interpolation.","c(""thetao"", ""so"", ""ph"", ""o2"", ""chl"", ""uo"", ""vo"", ""zooc"", ""zos"", ""mlotst"")"
"scripts/R/discover_ipcc_esgf_nci_cmip6.R",75,"future_windows_missing_2030","Mentions 2030-2060 support. Absence in future-window runners is a review flag.","window = c(""2006-2014"", ""2030-2060"", ""2050-2060"", ""2090-2100""),"
"scripts/R/discover_ipcc_esgf_nci_cmip6.R",76,"future_windows_missing_2030","Mentions 2030-2060 support. Absence in future-window runners is a review flag.","start = as.Date(c(""2006-01-01"", ""2030-01-01"", ""2050-01-01"", ""2090-01-01"")),"
"scripts/R/discover_ipcc_esgf_nci_cmip6.R",118,"stage_requires_parts","Assumes a parts stage from monthly regridding.","parts <- regmatches(title, match)[[1]]"
"scripts/R/discover_ipcc_esgf_nci_cmip6.R",119,"stage_requires_parts","Assumes a parts stage from monthly regridding.","if (length(parts) == 0) {"
"scripts/R/discover_ipcc_esgf_nci_cmip6.R",123,"stage_requires_parts","Assumes a parts stage from monthly regridding.","start_year <- parts[[2]]"
"scripts/R/discover_ipcc_esgf_nci_cmip6.R",124,"stage_requires_parts","Assumes a parts stage from monthly regridding.","start_month <- ifelse(nzchar(parts[[3]]), parts[[3]], ""01"")"
"scripts/R/discover_ipcc_esgf_nci_cmip6.R",125,"stage_requires_parts","Assumes a parts stage from monthly regridding.","end_year <- parts[[4]]"
"scripts/R/discover_ipcc_esgf_nci_cmip6.R",126,"stage_requires_parts","Assumes a parts stage from monthly regridding.","end_month <- ifelse(nzchar(parts[[5]]), parts[[5]], ""12"")"
"scripts/R/discover_ipcc_esgf_nci_cmip6.R",135,"member_auto_logic","Uses or resolves member/variant labels.","member_key <- function(member_id) {"
"scripts/R/discover_ipcc_esgf_nci_cmip6.R",136,"member_auto_logic","Uses or resolves member/variant labels.","match <- regexec(""^r([0-9]+)i([0-9]+)p([0-9]+)f([0-9]+)$"", member_id)"
"scripts/R/discover_ipcc_esgf_nci_cmip6.R",137,"member_auto_logic","Uses or resolves member/variant labels.","parts <- regmatches(member_id, match)[[1]]"
"scripts/R/discover_ipcc_esgf_nci_cmip6.R",137,"stage_requires_parts","Assumes a parts stage from monthly regridding.","parts <- regmatches(member_id, match)[[1]]"
"scripts/R/discover_ipcc_esgf_nci_cmip6.R",138,"stage_requires_parts","Assumes a parts stage from monthly regridding.","if (length(parts) == 0) return(sprintf(""%09d_%09d_%09d_%09d"", 999999999, 999999999, 999999999, 999999999))"
"scripts/R/discover_ipcc_esgf_nci_cmip6.R",139,"stage_requires_parts","Assumes a parts stage from monthly regridding.","nums <- as.integer(parts[2:5])"
"scripts/R/discover_ipcc_esgf_nci_cmip6.R",165,"member_auto_logic","Uses or resolves member/variant labels.","member_id = first_value(doc$member_id %||% doc$variant_label),"
"scripts/R/discover_ipcc_esgf_nci_cmip6.R",183,"stage_requires_parts","Assumes a parts stage from monthly regridding.","row_parts <- list()"
"scripts/R/discover_ipcc_esgf_nci_cmip6.R",210,"stage_requires_parts","Assumes a parts stage from monthly regridding.","row_parts[[row_part_i]] <- do.call(rbind, lapply(docs, doc_to_row))"
"scripts/R/discover_ipcc_esgf_nci_cmip6.R",218,"stage_requires_parts","Assumes a parts stage from monthly regridding.","if (length(row_parts) == 0) {"
"scripts/R/discover_ipcc_esgf_nci_cmip6.R",221,"stage_requires_parts","Assumes a parts stage from monthly regridding.","do.call(rbind, row_parts)"
"scripts/R/discover_ipcc_esgf_nci_cmip6.R",224,"stage_requires_parts","Assumes a parts stage from monthly regridding.","file_parts <- list()"
"scripts/R/discover_ipcc_esgf_nci_cmip6.R",230,"stage_requires_parts","Assumes a parts stage from monthly regridding.","file_parts[[file_part_i]] <- fetch_file_rows(variable_id, experiment_id, source_id)"
"scripts/R/discover_ipcc_esgf_nci_cmip6.R",234,"stage_requires_parts","Assumes a parts stage from monthly regridding.","file_parts[[file_part_i]] <- fetch_file_rows(variable_id, experiment_id)"
"scripts/R/discover_ipcc_esgf_nci_cmip6.R",240,"stage_requires_parts","Assumes a parts stage from monthly regridding.","file_parts <- file_parts[vapply(file_parts, nrow, integer(1)) > 0]"
"scripts/R/discover_ipcc_esgf_nci_cmip6.R",241,"stage_requires_parts","Assumes a parts stage from monthly regridding.","if (length(file_parts) == 0) {"
"scripts/R/discover_ipcc_esgf_nci_cmip6.R",246,"stage_requires_parts","Assumes a parts stage from monthly regridding.","files <- do.call(rbind, file_parts)"
"scripts/R/discover_ipcc_esgf_nci_cmip6.R",252,"member_auto_logic","Uses or resolves member/variant labels.","files$member_sort_key <- vapply(files$member_id, member_key, character(1))"
"scripts/R/discover_ipcc_esgf_nci_cmip6.R",262,"member_auto_logic","Uses or resolves member/variant labels.","first_members <- unique(files[, c(""source_id"", ""experiment_id"", ""variable_id"", ""member_id"", ""member_sort_key"")])"
"scripts/R/discover_ipcc_esgf_nci_cmip6.R",274,"member_auto_logic","Uses or resolves member/variant labels.","first_members[, c(""source_id"", ""experiment_id"", ""variable_id"", ""member_id"", ""is_first_available_member"")],"
"scripts/R/discover_ipcc_esgf_nci_cmip6.R",275,"member_auto_logic","Uses or resolves member/variant labels.","by = c(""source_id"", ""experiment_id"", ""variable_id"", ""member_id""),"
"scripts/R/discover_ipcc_esgf_nci_cmip6.R",299,"member_auto_logic","Uses or resolves member/variant labels.","selected_files$member_id,"
"scripts/R/discover_ipcc_esgf_nci_cmip6.R",307,"stage_requires_parts","Assumes a parts stage from monthly regridding.","coverage_parts <- list()"
"scripts/R/discover_ipcc_esgf_nci_cmip6.R",319,"member_auto_logic","Uses or resolves member/variant labels.","member_id <- if (nrow(subset_files) > 0) subset_files$member_id[[1]] else NA_character_"
"scripts/R/discover_ipcc_esgf_nci_cmip6.R",334,"stage_requires_parts","Assumes a parts stage from monthly regridding.","coverage_parts[[part_i]] <- data.frame("
"scripts/R/discover_ipcc_esgf_nci_cmip6.R",338,"member_auto_logic","Uses or resolves member/variant labels.","member_id = member_id,"
"scripts/R/discover_ipcc_esgf_nci_cmip6.R",352,"stage_requires_parts","Assumes a parts stage from monthly regridding.","coverage <- do.call(rbind, coverage_parts)"
"scripts/R/discover_ipcc_esgf_nci_cmip6.R",376,"member_auto_logic","Uses or resolves member/variant labels.","wget_manifest <- selected_files[, c(""title"", ""http_url"", ""checksum_type"", ""checksum"", ""source_id"", ""experiment_id"", ""member_id"", ""variable_id"", ""table_id"", ""grid_label"")]"
"scripts/R/fetch_ipcc_esgf_cmip6_manifest.R",11,"new_ipcc_root","References new IPCC/ESGF root.","#    agreed /home/SB5/ipcc_esgf/downloads tree."
"scripts/R/fetch_ipcc_esgf_cmip6_manifest.R",30,"stage_requires_parts","Assumes a parts stage from monthly regridding.","parts <- unlist(strsplit(value, ""[,[:space:]]+""))"
"scripts/R/fetch_ipcc_esgf_cmip6_manifest.R",31,"stage_requires_parts","Assumes a parts stage from monthly regridding.","parts[nzchar(parts)]"
"scripts/R/fetch_ipcc_esgf_cmip6_manifest.R",39,"new_ipcc_root","References new IPCC/ESGF root.","out_root <- env_value(""OUT_ROOT"", ""/home/SB5/ipcc_esgf/downloads"")"
"scripts/R/fetch_ipcc_esgf_cmip6_manifest.R",66,"member_auto_logic","Uses or resolves member/variant labels.","if (length(members) > 0) keep <- keep & manifest_rows$member_id %in% members"
"scripts/R/fetch_ipcc_esgf_cmip6_manifest.R",79,"member_auto_logic","Uses or resolves member/variant labels.","row[[""member_id""]],"
"scripts/R/fetch_ipcc_esgf_cmip6_manifest.R",109,"member_auto_logic","Uses or resolves member/variant labels.","""filename"", ""source_id"", ""member_id"", ""experiment_id"", ""variable_id"","
"scripts/R/fetch_ipcc_esgf_cmip6_manifest.R",114,"member_auto_logic","Uses or resolves member/variant labels.","""filename"", ""source_id"", ""member_id"", ""experiment_id"", ""variable_id"","
"scripts/runners/cesm_to_glorys/run_add_anomaly_to_baseline_with_coastal_fill.sh",31,"hardcoded_chl_o2","May contain hard-coded variable lists that need expansion beyond chl/o2.","VARS=("
"scripts/runners/cesm_to_glorys/run_add_anomaly_to_baseline_with_coastal_fill.sh",43,"new_ipcc_root","References new IPCC/ESGF root.","RCP85_ROOT=""${RCP85_ROOT:-/home/SB5/ipcc_esgf/cmip5_rcp85}"""
"scripts/runners/cesm_to_glorys/run_add_anomaly_to_baseline_with_coastal_fill.sh",44,"old_glorys_root","References legacy GLORYS root; may need reanalysis-root support later.","GLORYS_ROOT=""${GLORYS_ROOT:-/home/SB5/glorys12v1_monthly_0p05}"""
"scripts/runners/cesm_to_glorys/run_add_anomaly_to_baseline.sh",33,"hardcoded_chl_o2","May contain hard-coded variable lists that need expansion beyond chl/o2.","VARS=("
"scripts/runners/cesm_to_glorys/run_add_anomaly_to_baseline.sh",45,"new_ipcc_root","References new IPCC/ESGF root.","RCP85_ROOT=""${RCP85_ROOT:-/home/SB5/ipcc_esgf/cmip5_rcp85}"""
"scripts/runners/cesm_to_glorys/run_add_anomaly_to_baseline.sh",46,"old_glorys_root","References legacy GLORYS root; may need reanalysis-root support later.","GLORYS_ROOT=""${GLORYS_ROOT:-/home/SB5/glorys12v1_monthly_0p05}"""
"scripts/runners/cesm_to_glorys/run_add_anomaly_to_baseline.sh",65,"stage_requires_on_glorys","Assumes an on_glorys stage; 2D variables may need to skip vertical interpolation.","printf 'b.e11.BRCP85C5CNBDRD.f09_g16.%s.pop.h.%s.200601-210012.1deg_on_glorys' ""$member"" ""$var"""
"scripts/runners/cesm_to_glorys/run_add_anomaly_to_baseline.sh",119,"member_auto_logic","Uses or resolves member/variant labels.","echo ""  WARN: Missing anomaly for VAR=${v} MEMBER=${member} WINDOW=${window}: ${ANOMALY_FILE}"""
"scripts/runners/cesm_to_glorys/run_add_anomaly_to_baseline.sh",138,"member_auto_logic","Uses or resolves member/variant labels.","echo ""  submitted VAR=${v} MEMBER=${member} WINDOW=${window} as jobid=${jid}"""
"scripts/runners/cesm_to_glorys/run_climatology_window.sh",26,"hardcoded_chl_o2","May contain hard-coded variable lists that need expansion beyond chl/o2.","VARS=("
"scripts/runners/cesm_to_glorys/run_climatology_window.sh",34,"new_ipcc_root","References new IPCC/ESGF root.","INROOT_BASE=""${INROOT_BASE:-/home/SB5/ipcc_esgf/cmip5_rcp85}"""
"scripts/runners/cesm_to_glorys/run_climatology_window.sh",46,"stage_requires_on_glorys","Assumes an on_glorys stage; 2D variables may need to skip vertical interpolation.","printf 'b.e11.BRCP85C5CNBDRD.f09_g16.%s.pop.h.%s.200601-210012.grid_1deg_pop_global_on_glorys' ""$member"" ""$var"""
"scripts/runners/cesm_to_glorys/run_climatology_window.sh",53,"stage_requires_on_glorys","Assumes an on_glorys stage; 2D variables may need to skip vertical interpolation.","IN_DIR=""${INROOT_BASE}/${v}/on_glorys"""
"scripts/runners/cesm_to_glorys/run_climatology_window.sh",65,"stage_requires_on_glorys","Assumes an on_glorys stage; 2D variables may need to skip vertical interpolation.","member_glob=""*f09_g16.${member}.pop.h.${v}*.grid_1deg_pop_global_on_glorys.nc"""
"scripts/runners/cesm_to_glorys/run_climatology_window.sh",81,"member_auto_logic","Uses or resolves member/variant labels.","echo ""  submitted VAR=${v} MEMBER=${member} WINDOW=baseline as jobid=${jid_base}"""
"scripts/runners/cesm_to_glorys/run_climatology_window.sh",96,"member_auto_logic","Uses or resolves member/variant labels.","echo ""  submitted VAR=${v} MEMBER=${member} WINDOW=2050-2060 as jobid=${jid2050}"""
"scripts/runners/cesm_to_glorys/run_climatology_window.sh",111,"member_auto_logic","Uses or resolves member/variant labels.","echo ""  submitted VAR=${v} MEMBER=${member} WINDOW=2090-2100 as jobid=${jid2090}"""
"scripts/runners/cesm_to_glorys/run_delta_from_climatologies.sh",25,"hardcoded_chl_o2","May contain hard-coded variable lists that need expansion beyond chl/o2.","VARS=("
"scripts/runners/cesm_to_glorys/run_delta_from_climatologies.sh",33,"new_ipcc_root","References new IPCC/ESGF root.","ROOT=""${ROOT:-/home/SB5/ipcc_esgf/cmip5_rcp85}"""
"scripts/runners/cesm_to_glorys/run_delta_from_climatologies.sh",34,"old_glorys_root","References legacy GLORYS root; may need reanalysis-root support later.","GRIDFILE=""${GRIDFILE:-/home/SB5/glorys12v1_monthly_0p05/grid_0p05_global.txt}"""
"scripts/runners/cesm_to_glorys/run_delta_from_climatologies.sh",44,"stage_requires_on_glorys","Assumes an on_glorys stage; 2D variables may need to skip vertical interpolation.","printf 'b.e11.BRCP85C5CNBDRD.f09_g16.%s.pop.h.%s.200601-210012.grid_1deg_pop_global_on_glorys' ""$member"" ""$var"""
"scripts/runners/cesm_to_glorys/run_delta_from_climatologies.sh",75,"member_auto_logic","Uses or resolves member/variant labels.","echo ""  WARN: Missing baseline climatology for VAR=${v} MEMBER=${member}: ${BASELINE_FILE}"""
"scripts/runners/cesm_to_glorys/run_delta_from_climatologies.sh",97,"member_auto_logic","Uses or resolves member/variant labels.","echo ""  submitted VAR=${v} MEMBER=${member} WINDOW=${FUT2050_TAG} as jobid=${jid2050}"""
"scripts/runners/cesm_to_glorys/run_delta_from_climatologies.sh",99,"member_auto_logic","Uses or resolves member/variant labels.","echo ""  WARN: Missing 2050 climatology for VAR=${v} MEMBER=${member}: ${FUT2050_FILE}"""
"scripts/runners/cesm_to_glorys/run_delta_from_climatologies.sh",120,"member_auto_logic","Uses or resolves member/variant labels.","echo ""  submitted VAR=${v} MEMBER=${member} WINDOW=${FUT2090_TAG} as jobid=${jid2090}"""
"scripts/runners/cesm_to_glorys/run_delta_from_climatologies.sh",122,"member_auto_logic","Uses or resolves member/variant labels.","echo ""  WARN: Missing 2090 climatology for VAR=${v} MEMBER=${member}: ${FUT2090_FILE}"""
"scripts/runners/cesm_to_glorys/run_temporal_aggregate_regrid.sh",30,"hardcoded_chl_o2","May contain hard-coded variable lists that need expansion beyond chl/o2.","VARS=("
"scripts/runners/cesm_to_glorys/run_temporal_aggregate_regrid.sh",42,"stage_requires_parts","Assumes a parts stage from monthly regridding.","PARTS_SUBDIR=""parts"""
"scripts/runners/cesm_to_glorys/run_vertical_interpolate_to_reference.sh",29,"hardcoded_chl_o2","May contain hard-coded variable lists that need expansion beyond chl/o2.","VARS=("
"scripts/runners/cesm_to_glorys/run_vertical_interpolate_to_reference.sh",38,"old_glorys_root","References legacy GLORYS root; may need reanalysis-root support later.","TARGET_REF_FILE=""/home/SB5/glorys12v1_monthly_0p05/thetao/parts/glorys12v1_thetao_200601.monmean.0p05.nc"""
"scripts/runners/cesm_to_glorys/run_vertical_interpolate_to_reference.sh",38,"stage_requires_parts","Assumes a parts stage from monthly regridding.","TARGET_REF_FILE=""/home/SB5/glorys12v1_monthly_0p05/thetao/parts/glorys12v1_thetao_200601.monmean.0p05.nc"""
"scripts/runners/cesm_to_glorys/run_vertical_interpolate_to_reference.sh",45,"stage_requires_on_glorys","Assumes an on_glorys stage; 2D variables may need to skip vertical interpolation.","OUT_SUFFIX=""on_glorys"""
"scripts/runners/cesm_to_glorys/run_vertical_interpolate_to_reference.sh",54,"stage_requires_parts","Assumes a parts stage from monthly regridding.","IN_DIR=""${INROOT_BASE}/${scen}/${v}/parts"""
"scripts/runners/cesm_to_glorys/run_vertical_interpolate_to_reference.sh",55,"stage_requires_on_glorys","Assumes an on_glorys stage; 2D variables may need to skip vertical interpolation.","OUT_DIR=""${INROOT_BASE}/${scen}/${v}/on_glorys"""
"scripts/runners/downscaling/run_add_anomaly_to_trusted_baseline_with_coastal_fill.sh",36,"hardcoded_chl_o2","May contain hard-coded variable lists that need expansion beyond chl/o2.","VAR_MAP_SPEC=""${VAR_MAP_SPEC:-chl:chl o2:o2}"""
"scripts/runners/downscaling/run_add_anomaly_to_trusted_baseline_with_coastal_fill.sh",40,"future_windows_missing_2030","Mentions 2030-2060 support. Absence in future-window runners is a review flag.","2030-2060"
"scripts/runners/downscaling/run_add_anomaly_to_trusted_baseline_with_coastal_fill.sh",46,"old_hindcast_root","References legacy hindcast roots; may need reanalysis-root support later.","BASELINE_ROOT=""${BASELINE_ROOT:-/home/SB5/global_ocean_biogeochemistry_hindcast_monthly_0p05_glorys_coast}"""
"scripts/runners/downscaling/run_add_anomaly_to_trusted_baseline_with_coastal_fill.sh",47,"new_ipcc_root","References new IPCC/ESGF root.","ANOMALY_ROOT=""${ANOMALY_ROOT:-/home/SB5/ipcc_esgf/monthly_1deg}"""
"scripts/runners/downscaling/run_add_anomaly_to_trusted_baseline_with_coastal_fill.sh",76,"old_glorys_root","References legacy GLORYS root; may need reanalysis-root support later.","ANOMALY_GRIDFILE=""${ANOMALY_GRIDFILE:-/home/SB5/glorys12v1_monthly_0p05/grid_0p05_global.txt}"""
"scripts/runners/downscaling/run_add_anomaly_to_trusted_baseline_with_coastal_fill.sh",94,"old_hindcast_root","References legacy hindcast roots; may need reanalysis-root support later.","REGRID_GRIDFILE=""${REGRID_GRIDFILE:-/home/SB5/global_ocean_biogeochemistry_hindcast_monthly_0p25/grid_0p25_global.txt}"""
"scripts/runners/global_ocean_biogeochemistry_hindcast/run_climatology_window.sh",20,"old_hindcast_root","References legacy hindcast roots; may need reanalysis-root support later.","#       /home/SB5/global_ocean_biogeochemistry_hindcast_monthly_0p25/<var>/on_glorys/*.nc"
"scripts/runners/global_ocean_biogeochemistry_hindcast/run_climatology_window.sh",20,"stage_requires_on_glorys","Assumes an on_glorys stage; 2D variables may need to skip vertical interpolation.","#       /home/SB5/global_ocean_biogeochemistry_hindcast_monthly_0p25/<var>/on_glorys/*.nc"
"scripts/runners/global_ocean_biogeochemistry_hindcast/run_climatology_window.sh",31,"hardcoded_chl_o2","May contain hard-coded variable lists that need expansion beyond chl/o2.","VARS=("
"scripts/runners/global_ocean_biogeochemistry_hindcast/run_climatology_window.sh",32,"hardcoded_chl_o2","May contain hard-coded variable lists that need expansion beyond chl/o2.","chl"
"scripts/runners/global_ocean_biogeochemistry_hindcast/run_climatology_window.sh",36,"hardcoded_chl_o2","May contain hard-coded variable lists that need expansion beyond chl/o2.","o2"
"scripts/runners/global_ocean_biogeochemistry_hindcast/run_climatology_window.sh",47,"old_hindcast_root","References legacy hindcast roots; may need reanalysis-root support later.","INROOT_BASE=""/home/SB5/global_ocean_biogeochemistry_hindcast_monthly_0p25"""
"scripts/runners/global_ocean_biogeochemistry_hindcast/run_climatology_window.sh",56,"stage_requires_on_glorys","Assumes an on_glorys stage; 2D variables may need to skip vertical interpolation.","IN_DIR=""${INROOT_BASE}/${v}/on_glorys"""
"scripts/runners/global_ocean_biogeochemistry_hindcast/run_temporal_aggregate_regrid.sh",30,"hardcoded_chl_o2","May contain hard-coded variable lists that need expansion beyond chl/o2.","VARS=("
"scripts/runners/global_ocean_biogeochemistry_hindcast/run_temporal_aggregate_regrid.sh",31,"hardcoded_chl_o2","May contain hard-coded variable lists that need expansion beyond chl/o2.","chl"
"scripts/runners/global_ocean_biogeochemistry_hindcast/run_temporal_aggregate_regrid.sh",35,"hardcoded_chl_o2","May contain hard-coded variable lists that need expansion beyond chl/o2.","o2"
"scripts/runners/global_ocean_biogeochemistry_hindcast/run_temporal_aggregate_regrid.sh",59,"old_hindcast_root","References legacy hindcast roots; may need reanalysis-root support later.","OUTROOT=""/home/SB5/global_ocean_biogeochemistry_hindcast_monthly_0p25"""
"scripts/runners/global_ocean_biogeochemistry_hindcast/run_temporal_aggregate_regrid.sh",63,"stage_requires_parts","Assumes a parts stage from monthly regridding.","PARTS_SUBDIR=""parts"""
"scripts/runners/global_ocean_biogeochemistry_hindcast/run_vertical_interpolate_to_reference.sh",22,"old_hindcast_root","References legacy hindcast roots; may need reanalysis-root support later.","#       /home/SB5/global_ocean_biogeochemistry_hindcast_monthly_0p25/<var>/parts/*.nc"
"scripts/runners/global_ocean_biogeochemistry_hindcast/run_vertical_interpolate_to_reference.sh",22,"stage_requires_parts","Assumes a parts stage from monthly regridding.","#       /home/SB5/global_ocean_biogeochemistry_hindcast_monthly_0p25/<var>/parts/*.nc"
"scripts/runners/global_ocean_biogeochemistry_hindcast/run_vertical_interpolate_to_reference.sh",24,"old_hindcast_root","References legacy hindcast roots; may need reanalysis-root support later.","#       /home/SB5/global_ocean_biogeochemistry_hindcast_monthly_0p25/<var>/on_glorys/"
"scripts/runners/global_ocean_biogeochemistry_hindcast/run_vertical_interpolate_to_reference.sh",24,"stage_requires_on_glorys","Assumes an on_glorys stage; 2D variables may need to skip vertical interpolation.","#       /home/SB5/global_ocean_biogeochemistry_hindcast_monthly_0p25/<var>/on_glorys/"
"scripts/runners/global_ocean_biogeochemistry_hindcast/run_vertical_interpolate_to_reference.sh",33,"hardcoded_chl_o2","May contain hard-coded variable lists that need expansion beyond chl/o2.","VARS=("
"scripts/runners/global_ocean_biogeochemistry_hindcast/run_vertical_interpolate_to_reference.sh",34,"hardcoded_chl_o2","May contain hard-coded variable lists that need expansion beyond chl/o2.","chl"
"scripts/runners/global_ocean_biogeochemistry_hindcast/run_vertical_interpolate_to_reference.sh",38,"hardcoded_chl_o2","May contain hard-coded variable lists that need expansion beyond chl/o2.","o2"
"scripts/runners/global_ocean_biogeochemistry_hindcast/run_vertical_interpolate_to_reference.sh",49,"old_hindcast_root","References legacy hindcast roots; may need reanalysis-root support later.","INROOT_BASE=""/home/SB5/global_ocean_biogeochemistry_hindcast_monthly_0p25"""
"scripts/runners/global_ocean_biogeochemistry_hindcast/run_vertical_interpolate_to_reference.sh",50,"old_glorys_root","References legacy GLORYS root; may need reanalysis-root support later.","TARGET_REF_FILE=""/home/SB5/glorys12v1_monthly_0p05/thetao/parts/glorys12v1_thetao_200601.monmean.0p05.nc"""
"scripts/runners/global_ocean_biogeochemistry_hindcast/run_vertical_interpolate_to_reference.sh",50,"stage_requires_parts","Assumes a parts stage from monthly regridding.","TARGET_REF_FILE=""/home/SB5/glorys12v1_monthly_0p05/thetao/parts/glorys12v1_thetao_200601.monmean.0p05.nc"""
"scripts/runners/global_ocean_biogeochemistry_hindcast/run_vertical_interpolate_to_reference.sh",57,"stage_requires_on_glorys","Assumes an on_glorys stage; 2D variables may need to skip vertical interpolation.","OUT_SUFFIX=""on_glorys"""
"scripts/runners/global_ocean_biogeochemistry_hindcast/run_vertical_interpolate_to_reference.sh",64,"stage_requires_parts","Assumes a parts stage from monthly regridding.","IN_DIR=""${INROOT_BASE}/${v}/parts"""
"scripts/runners/global_ocean_biogeochemistry_hindcast/run_vertical_interpolate_to_reference.sh",65,"stage_requires_on_glorys","Assumes an on_glorys stage; 2D variables may need to skip vertical interpolation.","OUT_DIR=""${INROOT_BASE}/${v}/on_glorys"""
"scripts/runners/glorys/run_climatology_window.sh",19,"old_glorys_root","References legacy GLORYS root; may need reanalysis-root support later.","#       /home/SB5/glorys12v1_monthly_0p05/<var>/parts/*.nc"
"scripts/runners/glorys/run_climatology_window.sh",19,"stage_requires_parts","Assumes a parts stage from monthly regridding.","#       /home/SB5/glorys12v1_monthly_0p05/<var>/parts/*.nc"
"scripts/runners/glorys/run_climatology_window.sh",30,"hardcoded_chl_o2","May contain hard-coded variable lists that need expansion beyond chl/o2.","VARS=("
"scripts/runners/glorys/run_climatology_window.sh",32,"two_dimensional_var","Mentions 2D variables that should not go through vertical interpolation.","mlotst"
"scripts/runners/glorys/run_climatology_window.sh",37,"two_dimensional_var","Mentions 2D variables that should not go through vertical interpolation.","zos"
"scripts/runners/glorys/run_climatology_window.sh",44,"old_glorys_root","References legacy GLORYS root; may need reanalysis-root support later.","INROOT_BASE=""/home/SB5/glorys12v1_monthly_0p05"""
"scripts/runners/glorys/run_climatology_window.sh",53,"stage_requires_parts","Assumes a parts stage from monthly regridding.","IN_DIR=""${INROOT_BASE}/${v}/parts"""
"scripts/runners/glorys/run_temporal_aggregate_regrid.sh",30,"hardcoded_chl_o2","May contain hard-coded variable lists that need expansion beyond chl/o2.","VARS=("
"scripts/runners/glorys/run_temporal_aggregate_regrid.sh",33,"two_dimensional_var","Mentions 2D variables that should not go through vertical interpolation.","mlotst"
"scripts/runners/glorys/run_temporal_aggregate_regrid.sh",36,"two_dimensional_var","Mentions 2D variables that should not go through vertical interpolation.","zos"
"scripts/runners/glorys/run_temporal_aggregate_regrid.sh",57,"old_glorys_root","References legacy GLORYS root; may need reanalysis-root support later.","OUTROOT=""/home/SB5/glorys12v1_monthly_0p05"""
"scripts/runners/glorys/run_temporal_aggregate_regrid.sh",61,"stage_requires_parts","Assumes a parts stage from monthly regridding.","PARTS_SUBDIR=""parts"""
"scripts/runners/ipcc_esgf_to_hindcast/run_add_anomaly_to_baseline_with_coastal_fill.sh",18,"new_ipcc_root","References new IPCC/ESGF root.","IPCC_ESGF_ROOT=""${IPCC_ESGF_ROOT:-/home/SB5/ipcc_esgf}"""
"scripts/runners/ipcc_esgf_to_hindcast/run_add_anomaly_to_baseline_with_coastal_fill.sh",20,"member_auto_logic","Uses or resolves member/variant labels.","MEMBER=""${MEMBER:-auto}"""
"scripts/runners/ipcc_esgf_to_hindcast/run_add_anomaly_to_baseline_with_coastal_fill.sh",22,"old_glorys_root","References legacy GLORYS root; may need reanalysis-root support later.","GLORYS_ROOT=""${GLORYS_ROOT:-/home/SB5/glorys12v1_monthly_0p05}"""
"scripts/runners/ipcc_esgf_to_hindcast/run_add_anomaly_to_baseline_with_coastal_fill.sh",58,"member_auto_logic","Uses or resolves member/variant labels.","echo ""WARN: Delta directory not found, skipping MODEL=${model} MEMBER=${member} SCENARIO=${scenario} VAR=${var}"""
"scripts/runners/ipcc_esgf_to_hindcast/run_add_anomaly_to_baseline_with_coastal_fill.sh",85,"old_hindcast_root","References legacy hindcast roots; may need reanalysis-root support later.","BASELINE_ROOT=""${BASELINE_ROOT:-/home/SB5/global_ocean_biogeochemistry_hindcast_monthly_0p05_glorys_coast}"" \"
"scripts/runners/ipcc_esgf_to_hindcast/run_add_anomaly_to_baseline_with_coastal_fill.sh",91,"old_glorys_root","References legacy GLORYS root; may need reanalysis-root support later.","ANOMALY_GRIDFILE=""${ANOMALY_GRIDFILE:-/home/SB5/glorys12v1_monthly_0p05/grid_0p05_global.txt}"" \"
"scripts/runners/ipcc_esgf_to_hindcast/run_add_anomaly_to_baseline_with_coastal_fill.sh",100,"old_hindcast_root","References legacy hindcast roots; may need reanalysis-root support later.","REGRID_GRIDFILE=""${REGRID_GRIDFILE:-/home/SB5/global_ocean_biogeochemistry_hindcast_monthly_0p25/grid_0p25_global.txt}"" \"
"scripts/runners/ipcc_esgf/run_climatology_window.sh",20,"new_ipcc_root","References new IPCC/ESGF root.","#       /home/SB5/ipcc_esgf/monthly_1deg/<model>/<member>/<scenario>/<variable>/on_glorys/*.nc"
"scripts/runners/ipcc_esgf/run_climatology_window.sh",20,"stage_requires_on_glorys","Assumes an on_glorys stage; 2D variables may need to skip vertical interpolation.","#       /home/SB5/ipcc_esgf/monthly_1deg/<model>/<member>/<scenario>/<variable>/on_glorys/*.nc"
"scripts/runners/ipcc_esgf/run_climatology_window.sh",22,"new_ipcc_root","References new IPCC/ESGF root.","#       /home/SB5/ipcc_esgf/monthly_1deg/<model>/<member>/<scenario>/<variable>/parts/*.nc"
"scripts/runners/ipcc_esgf/run_climatology_window.sh",22,"stage_requires_parts","Assumes a parts stage from monthly regridding.","#       /home/SB5/ipcc_esgf/monthly_1deg/<model>/<member>/<scenario>/<variable>/parts/*.nc"
"scripts/runners/ipcc_esgf/run_climatology_window.sh",40,"hardcoded_chl_o2","May contain hard-coded variable lists that need expansion beyond chl/o2.","o2"
"scripts/runners/ipcc_esgf/run_climatology_window.sh",41,"hardcoded_chl_o2","May contain hard-coded variable lists that need expansion beyond chl/o2.","chl"
"scripts/runners/ipcc_esgf/run_climatology_window.sh",45,"two_dimensional_var","Mentions 2D variables that should not go through vertical interpolation.","zos"
"scripts/runners/ipcc_esgf/run_climatology_window.sh",46,"two_dimensional_var","Mentions 2D variables that should not go through vertical interpolation.","mlotst"
"scripts/runners/ipcc_esgf/run_climatology_window.sh",47,"sea_ice_var","Mentions sea-ice concentration or SImon table.","siconc"
"scripts/runners/ipcc_esgf/run_climatology_window.sh",52,"two_dimensional_var","Mentions 2D variables that should not go through vertical interpolation.","zos"
"scripts/runners/ipcc_esgf/run_climatology_window.sh",53,"two_dimensional_var","Mentions 2D variables that should not go through vertical interpolation.","mlotst"
"scripts/runners/ipcc_esgf/run_climatology_window.sh",54,"sea_ice_var","Mentions sea-ice concentration or SImon table.","siconc"
"scripts/runners/ipcc_esgf/run_climatology_window.sh",61,"new_ipcc_root","References new IPCC/ESGF root.","IPCC_ESGF_ROOT=""${IPCC_ESGF_ROOT:-/home/SB5/ipcc_esgf}"""
"scripts/runners/ipcc_esgf/run_climatology_window.sh",63,"member_auto_logic","Uses or resolves member/variant labels.","MEMBER=""${MEMBER:-auto}"""
"scripts/runners/ipcc_esgf/run_climatology_window.sh",70,"future_windows_missing_2030","Mentions 2030-2060 support. Absence in future-window runners is a review flag.","FUT2030_WINDOW_START=""2030-01-01"""
"scripts/runners/ipcc_esgf/run_climatology_window.sh",71,"future_windows_missing_2030","Mentions 2030-2060 support. Absence in future-window runners is a review flag.","FUT2030_WINDOW_END=""2060-12-31"""
"scripts/runners/ipcc_esgf/run_climatology_window.sh",82,"stage_requires_on_glorys","Assumes an on_glorys stage; 2D variables may need to skip vertical interpolation.","ipcc_esgf_discover_monthly_groups_any_layout ""${INROOT_BASE}"" ""on_glorys"""
"scripts/runners/ipcc_esgf/run_climatology_window.sh",83,"stage_requires_parts","Assumes a parts stage from monthly regridding.","ipcc_esgf_discover_monthly_groups_any_layout ""${INROOT_BASE}"" ""parts"""
"scripts/runners/ipcc_esgf/run_climatology_window.sh",99,"stage_requires_on_glorys","Assumes an on_glorys stage; 2D variables may need to skip vertical interpolation.","source_subdir=""on_glorys"""
"scripts/runners/ipcc_esgf/run_climatology_window.sh",101,"stage_requires_parts","Assumes a parts stage from monthly regridding.","source_subdir=""parts"""
"scripts/runners/ipcc_esgf/run_climatology_window.sh",105,"member_auto_logic","Uses or resolves member/variant labels.","echo ""  WARN: ${source_subdir} input not found, skipping MODEL=${model} MEMBER=${member} SCENARIO=${scen} VAR=${v}"""
"scripts/runners/ipcc_esgf/run_climatology_window.sh",114,"member_auto_logic","Uses or resolves member/variant labels.","member=""$(ipcc_esgf_resolve_member ""$IN_DIR"" ""$file_glob"")"" || {"
"scripts/runners/ipcc_esgf/run_climatology_window.sh",137,"member_auto_logic","Uses or resolves member/variant labels.","echo ""  submitted MODEL=${model} SCENARIO=${scen} MEMBER=${member} VAR=${v} WINDOW=baseline as jobid=${jid}"""
"scripts/runners/ipcc_esgf/run_climatology_window.sh",145,"future_windows_missing_2030","Mentions 2030-2060 support. Absence in future-window runners is a review flag.","WINDOW_START=""$FUT2030_WINDOW_START"" \"
"scripts/runners/ipcc_esgf/run_climatology_window.sh",146,"future_windows_missing_2030","Mentions 2030-2060 support. Absence in future-window runners is a review flag.","WINDOW_END=""$FUT2030_WINDOW_END"" \"
"scripts/runners/ipcc_esgf/run_climatology_window.sh",152,"future_windows_missing_2030","Mentions 2030-2060 support. Absence in future-window runners is a review flag.","echo ""  submitted MODEL=${model} SCENARIO=${scen} MEMBER=${member} VAR=${v} WINDOW=2030-2060 as jobid=${jid2030}"""
"scripts/runners/ipcc_esgf/run_climatology_window.sh",152,"member_auto_logic","Uses or resolves member/variant labels.","echo ""  submitted MODEL=${model} SCENARIO=${scen} MEMBER=${member} VAR=${v} WINDOW=2030-2060 as jobid=${jid2030}"""
"scripts/runners/ipcc_esgf/run_climatology_window.sh",167,"member_auto_logic","Uses or resolves member/variant labels.","echo ""  submitted MODEL=${model} SCENARIO=${scen} MEMBER=${member} VAR=${v} WINDOW=2050-2060 as jobid=${jid2050}"""
"scripts/runners/ipcc_esgf/run_climatology_window.sh",182,"member_auto_logic","Uses or resolves member/variant labels.","echo ""  submitted MODEL=${model} SCENARIO=${scen} MEMBER=${member} VAR=${v} WINDOW=2090-2100 as jobid=${jid2090}"""
"scripts/runners/ipcc_esgf/run_delta_from_climatologies.sh",21,"new_ipcc_root","References new IPCC/ESGF root.","#       /home/SB5/ipcc_esgf/monthly_1deg/<model>/<member>/historical/<var>/clim_windows/*.nc"
"scripts/runners/ipcc_esgf/run_delta_from_climatologies.sh",22,"new_ipcc_root","References new IPCC/ESGF root.","#       /home/SB5/ipcc_esgf/monthly_1deg/<model>/<member>/<ssp-scenario>/<var>/clim_windows/*.nc"
"scripts/runners/ipcc_esgf/run_delta_from_climatologies.sh",39,"hardcoded_chl_o2","May contain hard-coded variable lists that need expansion beyond chl/o2.","o2"
"scripts/runners/ipcc_esgf/run_delta_from_climatologies.sh",40,"hardcoded_chl_o2","May contain hard-coded variable lists that need expansion beyond chl/o2.","chl"
"scripts/runners/ipcc_esgf/run_delta_from_climatologies.sh",44,"two_dimensional_var","Mentions 2D variables that should not go through vertical interpolation.","zos"
"scripts/runners/ipcc_esgf/run_delta_from_climatologies.sh",45,"two_dimensional_var","Mentions 2D variables that should not go through vertical interpolation.","mlotst"
"scripts/runners/ipcc_esgf/run_delta_from_climatologies.sh",46,"sea_ice_var","Mentions sea-ice concentration or SImon table.","siconc"
"scripts/runners/ipcc_esgf/run_delta_from_climatologies.sh",54,"new_ipcc_root","References new IPCC/ESGF root.","IPCC_ESGF_ROOT=""${IPCC_ESGF_ROOT:-/home/SB5/ipcc_esgf}"""
"scripts/runners/ipcc_esgf/run_delta_from_climatologies.sh",56,"old_hindcast_root","References legacy hindcast roots; may need reanalysis-root support later.","GRIDFILE=""/home/SB5/global_ocean_biogeochemistry_hindcast_monthly_0p25/grid_0p25_global.txt"""
"scripts/runners/ipcc_esgf/run_delta_from_climatologies.sh",60,"future_windows_missing_2030","Mentions 2030-2060 support. Absence in future-window runners is a review flag.","2030-2060"
"scripts/runners/ipcc_esgf/run_delta_from_climatologies.sh",66,"member_auto_logic","Uses or resolves member/variant labels.","MEMBER=""${MEMBER:-auto}"""
"scripts/runners/ipcc_esgf/run_delta_from_climatologies.sh",91,"member_auto_logic","Uses or resolves member/variant labels.","echo ""WARN: Historical climatology directory not found, skipping MODEL=${model} MEMBER=${member} VAR=${v}"""
"scripts/runners/ipcc_esgf/run_delta_from_climatologies.sh",96,"member_auto_logic","Uses or resolves member/variant labels.","echo ""WARN: SSP climatology directory not found, skipping MODEL=${model} MEMBER=${member} SCENARIO=${scen} VAR=${v}"""
"scripts/runners/ipcc_esgf/run_delta_from_climatologies.sh",150,"member_auto_logic","Uses or resolves member/variant labels.","echo ""  submitted MODEL=${model} SCENARIO=${scen} MEMBER=${member} VAR=${v} WINDOW=${future_tag} as jobid=${jid}"""
"scripts/runners/ipcc_esgf/run_temporal_aggregate_regrid.sh",28,"new_ipcc_root","References new IPCC/ESGF root.","#       /home/SB5/ipcc_esgf/downloads/<model>/<member>/<scenario>/<variable>/*.nc"
"scripts/runners/ipcc_esgf/run_temporal_aggregate_regrid.sh",30,"new_ipcc_root","References new IPCC/ESGF root.","#       /home/SB5/ipcc_esgf_downloads/<scenario>/<variable>/*.nc"
"scripts/runners/ipcc_esgf/run_temporal_aggregate_regrid.sh",30,"old_ipcc_download_root","References legacy IPCC/ESGF download root.","#       /home/SB5/ipcc_esgf_downloads/<scenario>/<variable>/*.nc"
"scripts/runners/ipcc_esgf/run_temporal_aggregate_regrid.sh",32,"new_ipcc_root","References new IPCC/ESGF root.","#       /home/SB5/ipcc_esgf/monthly_1deg/<model>/<member>/<scenario>/<variable>/parts/*.nc"
"scripts/runners/ipcc_esgf/run_temporal_aggregate_regrid.sh",32,"stage_requires_parts","Assumes a parts stage from monthly regridding.","#       /home/SB5/ipcc_esgf/monthly_1deg/<model>/<member>/<scenario>/<variable>/parts/*.nc"
"scripts/runners/ipcc_esgf/run_temporal_aggregate_regrid.sh",46,"hardcoded_chl_o2","May contain hard-coded variable lists that need expansion beyond chl/o2.","o2"
"scripts/runners/ipcc_esgf/run_temporal_aggregate_regrid.sh",47,"hardcoded_chl_o2","May contain hard-coded variable lists that need expansion beyond chl/o2.","chl"
"scripts/runners/ipcc_esgf/run_temporal_aggregate_regrid.sh",51,"two_dimensional_var","Mentions 2D variables that should not go through vertical interpolation.","zos"
"scripts/runners/ipcc_esgf/run_temporal_aggregate_regrid.sh",52,"two_dimensional_var","Mentions 2D variables that should not go through vertical interpolation.","mlotst"
"scripts/runners/ipcc_esgf/run_temporal_aggregate_regrid.sh",53,"sea_ice_var","Mentions sea-ice concentration or SImon table.","siconc"
"scripts/runners/ipcc_esgf/run_temporal_aggregate_regrid.sh",61,"new_ipcc_root","References new IPCC/ESGF root.","IPCC_ESGF_ROOT=""${IPCC_ESGF_ROOT:-/home/SB5/ipcc_esgf}"""
"scripts/runners/ipcc_esgf/run_temporal_aggregate_regrid.sh",68,"stage_requires_parts","Assumes a parts stage from monthly regridding.","PARTS_SUBDIR=""parts"""
"scripts/runners/ipcc_esgf/run_temporal_aggregate_regrid.sh",73,"member_auto_logic","Uses or resolves member/variant labels.","MEMBER=""${MEMBER:-auto}"""
"scripts/runners/ipcc_esgf/run_temporal_aggregate_regrid.sh",119,"member_auto_logic","Uses or resolves member/variant labels.","echo ""  WARN: No input files found for MODEL=${model} SCENARIO=${scen} MEMBER=${member} VAR=${v}"""
"scripts/runners/ipcc_esgf/run_temporal_aggregate_regrid.sh",123,"member_auto_logic","Uses or resolves member/variant labels.","resolved_member=""$(ipcc_esgf_resolve_member ""$INROOT"" ""${v}_*_${model}_${scen}_*_*.nc"")"" || {"
"scripts/runners/ipcc_esgf/run_temporal_aggregate_regrid.sh",152,"member_auto_logic","Uses or resolves member/variant labels.","echo ""  submitted MODEL=${model} SCENARIO=${scen} MEMBER=${member} VAR=${v} TABLE=${table_id} GRID=${source_grid} as jobid=${jid}"""
"scripts/runners/ipcc_esgf/run_vertical_interpolate_to_reference.sh",22,"new_ipcc_root","References new IPCC/ESGF root.","#       /home/SB5/ipcc_esgf/monthly_1deg/<model>/<member>/<scenario>/<var>/parts/*.nc"
"scripts/runners/ipcc_esgf/run_vertical_interpolate_to_reference.sh",22,"stage_requires_parts","Assumes a parts stage from monthly regridding.","#       /home/SB5/ipcc_esgf/monthly_1deg/<model>/<member>/<scenario>/<var>/parts/*.nc"
"scripts/runners/ipcc_esgf/run_vertical_interpolate_to_reference.sh",24,"new_ipcc_root","References new IPCC/ESGF root.","#       /home/SB5/ipcc_esgf/monthly_1deg/<model>/<member>/<scenario>/<var>/on_glorys/"
"scripts/runners/ipcc_esgf/run_vertical_interpolate_to_reference.sh",24,"stage_requires_on_glorys","Assumes an on_glorys stage; 2D variables may need to skip vertical interpolation.","#       /home/SB5/ipcc_esgf/monthly_1deg/<model>/<member>/<scenario>/<var>/on_glorys/"
"scripts/runners/ipcc_esgf/run_vertical_interpolate_to_reference.sh",25,"sea_ice_var","Mentions sea-ice concentration or SImon table.","#   - 2D variables such as zos, mlotst, and siconc should skip this stage."
"scripts/runners/ipcc_esgf/run_vertical_interpolate_to_reference.sh",25,"two_dimensional_var","Mentions 2D variables that should not go through vertical interpolation.","#   - 2D variables such as zos, mlotst, and siconc should skip this stage."
"scripts/runners/ipcc_esgf/run_vertical_interpolate_to_reference.sh",39,"hardcoded_chl_o2","May contain hard-coded variable lists that need expansion beyond chl/o2.","o2"
"scripts/runners/ipcc_esgf/run_vertical_interpolate_to_reference.sh",40,"hardcoded_chl_o2","May contain hard-coded variable lists that need expansion beyond chl/o2.","chl"
"scripts/runners/ipcc_esgf/run_vertical_interpolate_to_reference.sh",51,"new_ipcc_root","References new IPCC/ESGF root.","IPCC_ESGF_ROOT=""${IPCC_ESGF_ROOT:-/home/SB5/ipcc_esgf}"""
"scripts/runners/ipcc_esgf/run_vertical_interpolate_to_reference.sh",53,"old_glorys_root","References legacy GLORYS root; may need reanalysis-root support later.","TARGET_REF_FILE=""/home/SB5/glorys12v1_monthly_0p05/thetao/parts/glorys12v1_thetao_200601.monmean.0p05.nc"""
"scripts/runners/ipcc_esgf/run_vertical_interpolate_to_reference.sh",53,"stage_requires_parts","Assumes a parts stage from monthly regridding.","TARGET_REF_FILE=""/home/SB5/glorys12v1_monthly_0p05/thetao/parts/glorys12v1_thetao_200601.monmean.0p05.nc"""
"scripts/runners/ipcc_esgf/run_vertical_interpolate_to_reference.sh",60,"stage_requires_on_glorys","Assumes an on_glorys stage; 2D variables may need to skip vertical interpolation.","OUT_SUFFIX=""on_glorys"""
"scripts/runners/ipcc_esgf/run_vertical_interpolate_to_reference.sh",62,"member_auto_logic","Uses or resolves member/variant labels.","MEMBER=""${MEMBER:-auto}"""
"scripts/runners/ipcc_esgf/run_vertical_interpolate_to_reference.sh",67,"stage_requires_parts","Assumes a parts stage from monthly regridding.","mapfile -t DISCOVERED_GROUPS < <(ipcc_esgf_discover_monthly_groups_any_layout ""${INROOT_BASE}"" ""parts"" | sort -u)"
"scripts/runners/ipcc_esgf/run_vertical_interpolate_to_reference.sh",70,"stage_requires_parts","Assumes a parts stage from monthly regridding.","echo ""ERROR: No model/member/scenario/variable parts directories discovered under: ${INROOT_BASE}"""
"scripts/runners/ipcc_esgf/run_vertical_interpolate_to_reference.sh",81,"stage_requires_parts","Assumes a parts stage from monthly regridding.","if ! IN_DIR=""$(ipcc_esgf_monthly_stage_dir_for_group ""$INROOT_BASE"" ""$model"" ""$member"" ""$scen"" ""$v"" ""parts"")""; then"
"scripts/runners/ipcc_esgf/run_vertical_interpolate_to_reference.sh",82,"member_auto_logic","Uses or resolves member/variant labels.","echo ""  WARN: Input directory not found, skipping MODEL=${model} MEMBER=${member} SCENARIO=${scen} VAR=${v}"""
"scripts/runners/ipcc_esgf/run_vertical_interpolate_to_reference.sh",87,"stage_requires_on_glorys","Assumes an on_glorys stage; 2D variables may need to skip vertical interpolation.","OUT_DIR=""${VAR_DIR}/on_glorys"""
"scripts/runners/ipcc_esgf/run_vertical_interpolate_to_reference.sh",91,"member_auto_logic","Uses or resolves member/variant labels.","member=""$(ipcc_esgf_resolve_member ""$IN_DIR"" ""$file_glob"")"" || {"
"scripts/runners/ipcc_esgf/run_vertical_interpolate_to_reference.sh",116,"member_auto_logic","Uses or resolves member/variant labels.","echo ""  submitted MODEL=${model} SCENARIO=${scen} MEMBER=${member} VAR=${v} as jobid=${jid}"""
"scripts/runners/products/run_fill_hindcast_baseline_coastal_gaps.sh",22,"old_hindcast_root","References legacy hindcast roots; may need reanalysis-root support later.","#   /home/SB5/global_ocean_biogeochemistry_hindcast_monthly_0p05_coastal_filled"
"scripts/runners/products/run_fill_hindcast_baseline_coastal_gaps.sh",36,"old_hindcast_root","References legacy hindcast roots; may need reanalysis-root support later.","IN_ROOT=""${IN_ROOT:-/home/SB5/global_ocean_biogeochemistry_hindcast_monthly_0p05}"""
"scripts/runners/products/run_fill_hindcast_baseline_coastal_gaps.sh",37,"old_hindcast_root","References legacy hindcast roots; may need reanalysis-root support later.","OUT_ROOT=""${OUT_ROOT:-/home/SB5/global_ocean_biogeochemistry_hindcast_monthly_0p05_coastal_filled}"""
"scripts/runners/products/run_fill_hindcast_baseline_coastal_gaps.sh",38,"hardcoded_chl_o2","May contain hard-coded variable lists that need expansion beyond chl/o2.","VARS=""${VARS:-chl o2 zos}"""
"scripts/runners/products/run_fill_hindcast_baseline_coastal_gaps.sh",38,"two_dimensional_var","Mentions 2D variables that should not go through vertical interpolation.","VARS=""${VARS:-chl o2 zos}"""
"scripts/runners/products/run_fill_hindcast_baseline_coastal_gaps.sh",39,"old_glorys_root","References legacy GLORYS root; may need reanalysis-root support later.","GLORYS_ROOT=""${GLORYS_ROOT:-/home/SB5/glorys12v1_monthly_0p05}"""
"scripts/runners/products/run_organize_ocean_downscaling_products.sh",37,"old_hindcast_root","References legacy hindcast roots; may need reanalysis-root support later.","HINDCAST_0P25_ROOT=""${HINDCAST_0P25_ROOT:-/home/SB5/global_ocean_biogeochemistry_hindcast_monthly_0p25}"""
"scripts/runners/products/run_organize_ocean_downscaling_products.sh",38,"old_hindcast_root","References legacy hindcast roots; may need reanalysis-root support later.","HINDCAST_0P05_ROOT=""${HINDCAST_0P05_ROOT:-/home/SB5/global_ocean_biogeochemistry_hindcast_monthly_0p05_glorys_coast}"""
"scripts/runners/products/run_organize_ocean_downscaling_products.sh",39,"old_hindcast_root","References legacy hindcast roots; may need reanalysis-root support later.","HINDCAST_0P05_COASTAL_FILLED_ROOT=""${HINDCAST_0P05_COASTAL_FILLED_ROOT:-/home/SB5/global_ocean_biogeochemistry_hindcast_monthly_0p05_coastal_filled}"""
"scripts/runners/products/run_organize_ocean_downscaling_products.sh",40,"old_glorys_root","References legacy GLORYS root; may need reanalysis-root support later.","GLORYS_ROOT=""${GLORYS_ROOT:-/home/SB5/glorys12v1_monthly_0p05}"""
"scripts/runners/products/run_organize_ocean_downscaling_products.sh",45,"hardcoded_chl_o2","May contain hard-coded variable lists that need expansion beyond chl/o2.","COASTAL_FILLED_BASELINE_VARS=""${COASTAL_FILLED_BASELINE_VARS:-chl o2 zos}"""
"scripts/runners/products/run_organize_ocean_downscaling_products.sh",45,"two_dimensional_var","Mentions 2D variables that should not go through vertical interpolation.","COASTAL_FILLED_BASELINE_VARS=""${COASTAL_FILLED_BASELINE_VARS:-chl o2 zos}"""
"scripts/runners/products/run_organize_ocean_downscaling_products.sh",47,"hardcoded_chl_o2","May contain hard-coded variable lists that need expansion beyond chl/o2.","VARS=""${VARS:-chl o2 zos thetao so uo}"""
"scripts/runners/products/run_organize_ocean_downscaling_products.sh",47,"two_dimensional_var","Mentions 2D variables that should not go through vertical interpolation.","VARS=""${VARS:-chl o2 zos thetao so uo}"""
"scripts/runners/products/run_remap_hindcast_baseline_to_0p05_glorys_coast.sh",15,"old_hindcast_root","References legacy hindcast roots; may need reanalysis-root support later.","IN_ROOT=""${IN_ROOT:-/home/SB5/global_ocean_biogeochemistry_hindcast_monthly_0p25}"""
"scripts/runners/products/run_remap_hindcast_baseline_to_0p05_glorys_coast.sh",16,"old_hindcast_root","References legacy hindcast roots; may need reanalysis-root support later.","OUT_ROOT=""${OUT_ROOT:-/home/SB5/global_ocean_biogeochemistry_hindcast_monthly_0p05_glorys_coast}"""
"scripts/runners/products/run_remap_hindcast_baseline_to_0p05_glorys_coast.sh",17,"old_glorys_root","References legacy GLORYS root; may need reanalysis-root support later.","GRIDFILE=""${GRIDFILE:-/home/SB5/glorys12v1_monthly_0p05/grid_0p05_global.txt}"""
"scripts/runners/products/run_remap_hindcast_baseline_to_0p05_glorys_coast.sh",18,"old_glorys_root","References legacy GLORYS root; may need reanalysis-root support later.","GLORYS_ROOT=""${GLORYS_ROOT:-/home/SB5/glorys12v1_monthly_0p05}"""
"scripts/runners/products/run_remap_hindcast_baseline_to_0p05.sh",19,"old_hindcast_root","References legacy hindcast roots; may need reanalysis-root support later.","IN_ROOT=""${IN_ROOT:-/home/SB5/global_ocean_biogeochemistry_hindcast_monthly_0p25}"""
"scripts/runners/products/run_stage_ocean_downscaling_sample_products.sh",27,"member_auto_logic","Uses or resolves member/variant labels.","MEMBER=""${MEMBER:-001}"""
"scripts/runners/products/run_stage_ocean_downscaling_sample_products.sh",79,"member_auto_logic","Uses or resolves member/variant labels.","--export=ALL,LAYERS_SOURCE_ROOT=""${LAYERS_SOURCE_ROOT}"",PELAGIC_SOURCE_ROOT=""${PELAGIC_SOURCE_ROOT}"",DEPTHS_SOURCE_ROOT=""${DEPTHS_SOURCE_ROOT}"",STAGE_ROOT=""${STAGE_ROOT}"",RESOLUTION=""${RESOLUTION}"",MEMBER=""${MEMBER}"",PHYSICAL_VARS=""${PHYSICAL_VARS}"",EXTENSIONS=""${EXTENSIONS}"",DRY_RUN=""${DRY_RUN}"",OVERWRITE=""${OVERWRITE}"",STAGE_MANIFESTS=""${STAGE_MANIFESTS}"",STAGE_DEPTHS=""${STAGE_DEPTHS}"" \"
"scripts/tools/export_ocean_downscaling_products_to_geotiff.sh",54,"hardcoded_chl_o2","May contain hard-coded variable lists that need expansion beyond chl/o2.","#                    thetao=100,so=100,o2=10,chl=10000"
"scripts/tools/export_ocean_downscaling_products_to_geotiff.sh",82,"hardcoded_chl_o2","May contain hard-coded variable lists that need expansion beyond chl/o2.","SCALE_FACTORS=""${SCALE_FACTORS:-thetao=100,TEMP=100,so=100,SALT=100,uo=100,UVEL=100,o2=10,O2=10,chl=10000,CHL=10000}"""
"scripts/tools/export_ocean_downscaling_products_to_geotiff.sh",125,"stage_requires_parts","Assumes a parts stage from monthly regridding.","mkdir -p ""${OUT_ROOT}"" ""${TMP_DIR}"" ""${TMP_DIR}/manifest_parts"""
"scripts/tools/export_ocean_downscaling_products_to_geotiff.sh",126,"stage_requires_parts","Assumes a parts stage from monthly regridding.","rm -f ""${TMP_DIR}/manifest_parts""/*.csv"
"scripts/tools/export_ocean_downscaling_products_to_geotiff.sh",190,"stage_requires_parts","Assumes a parts stage from monthly regridding.","manifest_part=""${TMP_DIR}/manifest_parts/${manifest_key}.$$.csv"""
"scripts/tools/export_ocean_downscaling_products_to_geotiff.sh",303,"hardcoded_chl_o2","May contain hard-coded variable lists that need expansion beyond chl/o2.","known = [""thetao"", ""temp"", ""so"", ""salt"", ""uo"", ""uvel"", ""o2"", ""chl""]"
"scripts/tools/export_ocean_downscaling_products_to_geotiff.sh",314,"stage_requires_parts","Assumes a parts stage from monthly regridding.","parts = path.split(""/"")"
"scripts/tools/export_ocean_downscaling_products_to_geotiff.sh",315,"stage_requires_parts","Assumes a parts stage from monthly regridding.","lower_parts = [part.lower() for part in parts]"
"scripts/tools/export_ocean_downscaling_products_to_geotiff.sh",318,"stage_requires_parts","Assumes a parts stage from monthly regridding.","if ""future"" not in lower_parts or ""rcp85"" not in lower_parts:"
"scripts/tools/export_ocean_downscaling_products_to_geotiff.sh",320,"stage_requires_parts","Assumes a parts stage from monthly regridding.","if ""cesm_f09_g16"" not in lower_parts:"
"scripts/tools/export_ocean_downscaling_products_to_geotiff.sh",322,"stage_requires_parts","Assumes a parts stage from monthly regridding.","if ""uo"" not in lower_parts:"
"scripts/tools/export_ocean_downscaling_products_to_geotiff.sh",658,"stage_requires_parts","Assumes a parts stage from monthly regridding.","mapfile -t manifest_parts < <(find ""${TMP_DIR}/manifest_parts"" -type f -name ""*.csv"" | sort)"
"scripts/tools/export_ocean_downscaling_products_to_geotiff.sh",661,"stage_requires_parts","Assumes a parts stage from monthly regridding.","echo ""[WARN] Expected files: ${#files[@]}; manifest parts created: ${#manifest_parts[@]}"""
"scripts/tools/export_ocean_downscaling_products_to_geotiff.sh",662,"stage_requires_parts","Assumes a parts stage from monthly regridding.","if (( ${#manifest_parts[@]} != ${#files[@]} )); then"
"scripts/tools/export_ocean_downscaling_products_to_geotiff.sh",666,"stage_requires_parts","Assumes a parts stage from monthly regridding.","echo ""[WARN] All expected manifest parts exist, so continuing to manifest assembly."""
"scripts/tools/export_ocean_downscaling_products_to_geotiff.sh",671,"stage_requires_parts","Assumes a parts stage from monthly regridding.","first_part=""${manifest_parts[0]:-}"""
"scripts/tools/export_ocean_downscaling_products_to_geotiff.sh",673,"stage_requires_parts","Assumes a parts stage from monthly regridding.","echo ""ERROR: No manifest parts were created"""
"scripts/tools/export_ocean_downscaling_products_to_geotiff.sh",678,"stage_requires_parts","Assumes a parts stage from monthly regridding.","for part in ""${manifest_parts[@]}""; do"
"scripts/tools/export_ocean_downscaling_products_to_parquet.sh",202,"stage_requires_parts","Assumes a parts stage from monthly regridding.","parts = path.split(""/"")"
"scripts/tools/export_ocean_downscaling_products_to_parquet.sh",203,"stage_requires_parts","Assumes a parts stage from monthly regridding.","lower_parts = [part.lower() for part in parts]"
"scripts/tools/export_ocean_downscaling_products_to_parquet.sh",206,"stage_requires_parts","Assumes a parts stage from monthly regridding.","if ""future"" not in lower_parts or ""rcp85"" not in lower_parts:"
"scripts/tools/export_ocean_downscaling_products_to_parquet.sh",208,"stage_requires_parts","Assumes a parts stage from monthly regridding.","if ""cesm_f09_g16"" not in lower_parts:"
"scripts/tools/export_ocean_downscaling_products_to_parquet.sh",210,"stage_requires_parts","Assumes a parts stage from monthly regridding.","if ""uo"" not in lower_parts:"
"scripts/tools/fill_hindcast_baseline_coastal_gaps.sh",24,"old_hindcast_root","References legacy hindcast roots; may need reanalysis-root support later.","#                               (default: /home/SB5/global_ocean_biogeochemistry_hindcast_monthly_0p05)"
"scripts/tools/fill_hindcast_baseline_coastal_gaps.sh",26,"old_hindcast_root","References legacy hindcast roots; may need reanalysis-root support later.","#                               (default: /home/SB5/global_ocean_biogeochemistry_hindcast_monthly_0p05_coastal_filled)"
"scripts/tools/fill_hindcast_baseline_coastal_gaps.sh",28,"hardcoded_chl_o2","May contain hard-coded variable lists that need expansion beyond chl/o2.","#                               (default: chl o2 zos)"
"scripts/tools/fill_hindcast_baseline_coastal_gaps.sh",28,"two_dimensional_var","Mentions 2D variables that should not go through vertical interpolation.","#                               (default: chl o2 zos)"
"scripts/tools/fill_hindcast_baseline_coastal_gaps.sh",50,"old_hindcast_root","References legacy hindcast roots; may need reanalysis-root support later.","IN_ROOT=""${IN_ROOT:-/home/SB5/global_ocean_biogeochemistry_hindcast_monthly_0p05}"""
"scripts/tools/fill_hindcast_baseline_coastal_gaps.sh",51,"old_hindcast_root","References legacy hindcast roots; may need reanalysis-root support later.","OUT_ROOT=""${OUT_ROOT:-/home/SB5/global_ocean_biogeochemistry_hindcast_monthly_0p05_coastal_filled}"""
"scripts/tools/fill_hindcast_baseline_coastal_gaps.sh",52,"hardcoded_chl_o2","May contain hard-coded variable lists that need expansion beyond chl/o2.","VARS=""${VARS:-chl o2 zos}"""
"scripts/tools/fill_hindcast_baseline_coastal_gaps.sh",52,"two_dimensional_var","Mentions 2D variables that should not go through vertical interpolation.","VARS=""${VARS:-chl o2 zos}"""
"scripts/tools/fill_hindcast_baseline_coastal_gaps.sh",53,"old_glorys_root","References legacy GLORYS root; may need reanalysis-root support later.","COASTAL_MASK_FILE=""${COASTAL_MASK_FILE:-/home/SB5/glorys12v1_monthly_0p05/thetao/clim_windows/glorys12v1_thetao_clim_2006-2014.nc}"""
"scripts/tools/organize_ocean_downscaling_products.sh",11,"old_hindcast_root","References legacy hindcast roots; may need reanalysis-root support later.","HINDCAST_0P25_ROOT=""${HINDCAST_0P25_ROOT:-/home/SB5/global_ocean_biogeochemistry_hindcast_monthly_0p25}"""
"scripts/tools/organize_ocean_downscaling_products.sh",12,"old_hindcast_root","References legacy hindcast roots; may need reanalysis-root support later.","HINDCAST_0P05_ROOT=""${HINDCAST_0P05_ROOT:-/home/SB5/global_ocean_biogeochemistry_hindcast_monthly_0p05_glorys_coast}"""
"scripts/tools/organize_ocean_downscaling_products.sh",13,"old_hindcast_root","References legacy hindcast roots; may need reanalysis-root support later.","HINDCAST_0P05_COASTAL_FILLED_ROOT=""${HINDCAST_0P05_COASTAL_FILLED_ROOT:-/home/SB5/global_ocean_biogeochemistry_hindcast_monthly_0p05_coastal_filled}"""
"scripts/tools/organize_ocean_downscaling_products.sh",14,"old_glorys_root","References legacy GLORYS root; may need reanalysis-root support later.","GLORYS_ROOT=""${GLORYS_ROOT:-/home/SB5/glorys12v1_monthly_0p05}"""
"scripts/tools/organize_ocean_downscaling_products.sh",26,"hardcoded_chl_o2","May contain hard-coded variable lists that need expansion beyond chl/o2.","COASTAL_FILLED_BASELINE_VARS=""${COASTAL_FILLED_BASELINE_VARS:-chl o2 zos}"""
"scripts/tools/organize_ocean_downscaling_products.sh",26,"two_dimensional_var","Mentions 2D variables that should not go through vertical interpolation.","COASTAL_FILLED_BASELINE_VARS=""${COASTAL_FILLED_BASELINE_VARS:-chl o2 zos}"""
"scripts/tools/organize_ocean_downscaling_products.sh",187,"hardcoded_chl_o2","May contain hard-coded variable lists that need expansion beyond chl/o2.","chl)"
"scripts/tools/organize_ocean_downscaling_products.sh",189,"hardcoded_chl_o2","May contain hard-coded variable lists that need expansion beyond chl/o2.","""${HINDCAST_0P25_ROOT}/chl/clim_windows/global_ocean_biogeochemistry_hindcast_chl_clim_2006-2014.nc"" \"
"scripts/tools/organize_ocean_downscaling_products.sh",190,"hardcoded_chl_o2","May contain hard-coded variable lists that need expansion beyond chl/o2.","""chl"" \"
"scripts/tools/organize_ocean_downscaling_products.sh",193,"hardcoded_chl_o2","May contain hard-coded variable lists that need expansion beyond chl/o2.","""$(hindcast_0p05_baseline_file chl global_ocean_biogeochemistry_hindcast_chl_clim_2006-2014_grid_0p05_global.nc)"" \"
"scripts/tools/organize_ocean_downscaling_products.sh",194,"hardcoded_chl_o2","May contain hard-coded variable lists that need expansion beyond chl/o2.","""chl"" \"
"scripts/tools/organize_ocean_downscaling_products.sh",197,"hardcoded_chl_o2","May contain hard-coded variable lists that need expansion beyond chl/o2.","o2)"
"scripts/tools/organize_ocean_downscaling_products.sh",199,"hardcoded_chl_o2","May contain hard-coded variable lists that need expansion beyond chl/o2.","""${HINDCAST_0P25_ROOT}/o2/clim_windows/global_ocean_biogeochemistry_hindcast_o2_clim_2006-2014.nc"" \"
"scripts/tools/organize_ocean_downscaling_products.sh",200,"hardcoded_chl_o2","May contain hard-coded variable lists that need expansion beyond chl/o2.","""o2"" \"
"scripts/tools/organize_ocean_downscaling_products.sh",203,"hardcoded_chl_o2","May contain hard-coded variable lists that need expansion beyond chl/o2.","""$(hindcast_0p05_baseline_file o2 global_ocean_biogeochemistry_hindcast_o2_clim_2006-2014_grid_0p05_global.nc)"" \"
"scripts/tools/organize_ocean_downscaling_products.sh",204,"hardcoded_chl_o2","May contain hard-coded variable lists that need expansion beyond chl/o2.","""o2"" \"
"scripts/tools/organize_ocean_downscaling_products.sh",207,"two_dimensional_var","Mentions 2D variables that should not go through vertical interpolation.","zos)"
"scripts/tools/organize_ocean_downscaling_products.sh",209,"two_dimensional_var","Mentions 2D variables that should not go through vertical interpolation.","""$(hindcast_0p05_baseline_file zos global_ocean_biogeochemistry_hindcast_zos_clim_2006-2014_grid_0p05_global.nc)"" \"
"scripts/tools/organize_ocean_downscaling_products.sh",210,"two_dimensional_var","Mentions 2D variables that should not go through vertical interpolation.","""zos"" \"
"scripts/tools/organize_ocean_downscaling_products.sh",238,"hardcoded_chl_o2","May contain hard-coded variable lists that need expansion beyond chl/o2.","for var in chl o2 zos thetao so uo; do"
"scripts/tools/organize_ocean_downscaling_products.sh",238,"two_dimensional_var","Mentions 2D variables that should not go through vertical interpolation.","for var in chl o2 zos thetao so uo; do"
"scripts/tools/organize_ocean_downscaling_products.sh",251,"hardcoded_chl_o2","May contain hard-coded variable lists that need expansion beyond chl/o2.","for var in chl o2 zos so thetao uo; do"
"scripts/tools/organize_ocean_downscaling_products.sh",251,"two_dimensional_var","Mentions 2D variables that should not go through vertical interpolation.","for var in chl o2 zos so thetao uo; do"
"scripts/tools/remap_hindcast_baseline_to_0p05_glorys_coast.sh",19,"old_hindcast_root","References legacy hindcast roots; may need reanalysis-root support later.","#                               (default: /home/SB5/global_ocean_biogeochemistry_hindcast_monthly_0p25)"
"scripts/tools/remap_hindcast_baseline_to_0p05_glorys_coast.sh",21,"old_hindcast_root","References legacy hindcast roots; may need reanalysis-root support later.","#                               (default: /home/SB5/global_ocean_biogeochemistry_hindcast_monthly_0p05_glorys_coast)"
"scripts/tools/remap_hindcast_baseline_to_0p05_glorys_coast.sh",23,"old_glorys_root","References legacy GLORYS root; may need reanalysis-root support later.","#                               (default: /home/SB5/glorys12v1_monthly_0p05/grid_0p05_global.txt)"
"scripts/tools/remap_hindcast_baseline_to_0p05_glorys_coast.sh",61,"old_hindcast_root","References legacy hindcast roots; may need reanalysis-root support later.","IN_ROOT=""${IN_ROOT:-/home/SB5/global_ocean_biogeochemistry_hindcast_monthly_0p25}"""
"scripts/tools/remap_hindcast_baseline_to_0p05_glorys_coast.sh",62,"old_hindcast_root","References legacy hindcast roots; may need reanalysis-root support later.","OUT_ROOT=""${OUT_ROOT:-/home/SB5/global_ocean_biogeochemistry_hindcast_monthly_0p05_glorys_coast}"""
"scripts/tools/remap_hindcast_baseline_to_0p05_glorys_coast.sh",63,"old_glorys_root","References legacy GLORYS root; may need reanalysis-root support later.","GRIDFILE=""${GRIDFILE:-/home/SB5/glorys12v1_monthly_0p05/grid_0p05_global.txt}"""
"scripts/tools/remap_hindcast_baseline_to_0p05_glorys_coast.sh",68,"old_glorys_root","References legacy GLORYS root; may need reanalysis-root support later.","COASTAL_MASK_FILE=""${COASTAL_MASK_FILE:-/home/SB5/glorys12v1_monthly_0p05/thetao/clim_windows/glorys12v1_thetao_clim_2006-2014.nc}"""
"scripts/tools/remap_hindcast_baseline_to_0p05.sh",25,"old_hindcast_root","References legacy hindcast roots; may need reanalysis-root support later.","#                             (default: /home/SB5/global_ocean_biogeochemistry_hindcast_monthly_0p25)"
"scripts/tools/remap_hindcast_baseline_to_0p05.sh",27,"old_hindcast_root","References legacy hindcast roots; may need reanalysis-root support later.","#                             (default: /home/SB5/global_ocean_biogeochemistry_hindcast_monthly_0p05)"
"scripts/tools/remap_hindcast_baseline_to_0p05.sh",29,"old_glorys_root","References legacy GLORYS root; may need reanalysis-root support later.","#                             (default: /home/SB5/glorys12v1_monthly_0p05/grid_0p05_global.txt)"
"scripts/tools/remap_hindcast_baseline_to_0p05.sh",44,"old_hindcast_root","References legacy hindcast roots; may need reanalysis-root support later.","IN_ROOT=""${IN_ROOT:-/home/SB5/global_ocean_biogeochemistry_hindcast_monthly_0p25}"""
"scripts/tools/remap_hindcast_baseline_to_0p05.sh",45,"old_hindcast_root","References legacy hindcast roots; may need reanalysis-root support later.","OUT_ROOT=""${OUT_ROOT:-/home/SB5/global_ocean_biogeochemistry_hindcast_monthly_0p05}"""
"scripts/tools/remap_hindcast_baseline_to_0p05.sh",46,"old_glorys_root","References legacy GLORYS root; may need reanalysis-root support later.","GRIDFILE=""${GRIDFILE:-/home/SB5/glorys12v1_monthly_0p05/grid_0p05_global.txt}"""
"scripts/tools/stage_ocean_downscaling_sample_products.sh",74,"member_auto_logic","Uses or resolves member/variant labels.","MEMBER=""${MEMBER:-001}"""
"scripts/tools/stage_ocean_downscaling_sample_products.sh",170,"stage_requires_parts","Assumes a parts stage from monthly regridding.","local -a path_parts"
"scripts/tools/stage_ocean_downscaling_sample_products.sh",175,"stage_requires_parts","Assumes a parts stage from monthly regridding.","IFS='/' read -r -a path_parts <<<""${rel_path}"""
"scripts/tools/stage_ocean_downscaling_sample_products.sh",176,"stage_requires_parts","Assumes a parts stage from monthly regridding.","family=""${path_parts[0]:-}"""
"scripts/tools/stage_ocean_downscaling_sample_products.sh",179,"stage_requires_parts","Assumes a parts stage from monthly regridding.","variable=""${path_parts[1]:-}"""
"scripts/tools/stage_ocean_downscaling_sample_products.sh",180,"stage_requires_parts","Assumes a parts stage from monthly regridding.","resolution=""${path_parts[2]:-}"""
"scripts/tools/stage_ocean_downscaling_sample_products.sh",186,"stage_requires_parts","Assumes a parts stage from monthly regridding.","if (( ${#path_parts[@]} >= 7 )); then"
"scripts/tools/stage_ocean_downscaling_sample_products.sh",187,"stage_requires_parts","Assumes a parts stage from monthly regridding.","model=""${path_parts[1]:-}"""
"scripts/tools/stage_ocean_downscaling_sample_products.sh",188,"stage_requires_parts","Assumes a parts stage from monthly regridding.","realization=""${path_parts[2]:-}"""
"scripts/tools/stage_ocean_downscaling_sample_products.sh",189,"stage_requires_parts","Assumes a parts stage from monthly regridding.","scenario=""${path_parts[3]:-}"""
"scripts/tools/stage_ocean_downscaling_sample_products.sh",190,"stage_requires_parts","Assumes a parts stage from monthly regridding.","variable=""${path_parts[4]:-}"""
"scripts/tools/stage_ocean_downscaling_sample_products.sh",191,"stage_requires_parts","Assumes a parts stage from monthly regridding.","window=""${path_parts[5]:-}"""
"scripts/tools/stage_ocean_downscaling_sample_products.sh",192,"stage_requires_parts","Assumes a parts stage from monthly regridding.","resolution=""${path_parts[6]:-}"""
"scripts/tools/stage_ocean_downscaling_sample_products.sh",199,"stage_requires_parts","Assumes a parts stage from monthly regridding.","variable=""${path_parts[1]:-}"""
"scripts/tools/stage_ocean_downscaling_sample_products.sh",200,"stage_requires_parts","Assumes a parts stage from monthly regridding.","window=""${path_parts[2]:-}"""
"scripts/tools/stage_ocean_downscaling_sample_products.sh",201,"stage_requires_parts","Assumes a parts stage from monthly regridding.","resolution=""${path_parts[3]:-}"""
"scripts/tools/stage_ocean_downscaling_sample_products.sh",328,"stage_requires_parts","Assumes a parts stage from monthly regridding.","parts = rel_path.split(os.sep)"
"scripts/tools/stage_ocean_downscaling_sample_products.sh",329,"stage_requires_parts","Assumes a parts stage from monthly regridding.","if len(parts) < 4:"
"scripts/tools/stage_ocean_downscaling_sample_products.sh",332,"stage_requires_parts","Assumes a parts stage from monthly regridding.","family = parts[0]"
"scripts/tools/stage_ocean_downscaling_sample_products.sh",347,"stage_requires_parts","Assumes a parts stage from monthly regridding.","variable = parts[1]"
"scripts/tools/stage_ocean_downscaling_sample_products.sh",348,"stage_requires_parts","Assumes a parts stage from monthly regridding.","source_resolution = parts[2]"
"scripts/tools/stage_ocean_downscaling_sample_products.sh",355,"stage_requires_parts","Assumes a parts stage from monthly regridding.","if len(parts) >= 7:"
"scripts/tools/stage_ocean_downscaling_sample_products.sh",356,"stage_requires_parts","Assumes a parts stage from monthly regridding.","model = parts[1]"
"scripts/tools/stage_ocean_downscaling_sample_products.sh",357,"stage_requires_parts","Assumes a parts stage from monthly regridding.","realization = parts[2]"
"scripts/tools/stage_ocean_downscaling_sample_products.sh",358,"stage_requires_parts","Assumes a parts stage from monthly regridding.","scenario = parts[3]"
"scripts/tools/stage_ocean_downscaling_sample_products.sh",359,"stage_requires_parts","Assumes a parts stage from monthly regridding.","variable = parts[4]"
"scripts/tools/stage_ocean_downscaling_sample_products.sh",360,"stage_requires_parts","Assumes a parts stage from monthly regridding.","window = parts[5]"
"scripts/tools/stage_ocean_downscaling_sample_products.sh",361,"stage_requires_parts","Assumes a parts stage from monthly regridding.","source_resolution = parts[6]"
"scripts/tools/stage_ocean_downscaling_sample_products.sh",367,"stage_requires_parts","Assumes a parts stage from monthly regridding.","variable = parts[1]"
"scripts/tools/stage_ocean_downscaling_sample_products.sh",368,"stage_requires_parts","Assumes a parts stage from monthly regridding.","window = parts[2]"
"scripts/tools/stage_ocean_downscaling_sample_products.sh",369,"stage_requires_parts","Assumes a parts stage from monthly regridding.","source_resolution = parts[3] if len(parts) >= 4 else resolution"
